427	-0.0385649953587499
428	0.027457782822103368
429	0.005002539328757141
430	-0.017633593153658023
431	-0.006053450306005213
432	0.018744212621218625
433	0.06746115992330838
434	0.034372687939149306
435	-0.02518183538874356
436	0.014110115359572942
437	-0.00983982996797622
438	0.006549566127393954
439	0.027491163073097364
440	-0.015072120712345191
441	-0.09346761788474339
442	0.11896860295858833
443	-0.1728054007972591
444	0.078240097357561
445	-0.10272786016882202
446	-0.23805666683925872
447	0.1258646787102599
448	-0.04513777448998324
449	0.06108733721559882
450	-0.33805444017906633
451	0.3796327682430037
452	-0.3937558665356746
453	0.0034763860509539595
454	0.12304491254538119
455	-0.25084531170057034
456	-0.1956271019119383
457	-0.12464354787607736
458	0.11598926596449718
459	0.15416583569384057
460	0.15476014516155603
461	0.10389727223151468
462	0.4582561186961485
463	0.7730053066642054
464	1.3518845608638128
465	0.2348649873893612
466	1.1175797222310275
467	1.0811800389376094
468	1.6740285791508263
469	1.737388234876564
470	1.2055177604089506
471	0.7574184593489443
472	0.8075428941837024
473	-0.007892950139657427
474	0.3337251634179768
475	-0.25713851767978607
476	-0.4265917743797093
477	-0.3288572595805519
478	-0.30253437477419054
479	-0.023873851280666297
480	-0.26494965706711393
481	0.1264546368309148
482	0.003824488267508582
483	0.8959048326522728
484	0.09009960764363849
485	2.1371585119604193
486	0.21766337024092514
487	1.0435292901933002
488	0.08016812267143339
489	0.04064297400600312
490	0.0849518873247404
491	-0.1061147118304997
492	0.14739487125045359
493	-0.04101107487298507
494	0.27548325342748314
495	0.8773967256535933
496	0.033760644431310355
497	0.41926851748096877
498	1.2519005966829504
499	1.5071689375174508
500	-0.25046209444335454
501	0.7473770334474046
502	0.7910009158364365
503	0.5885285866870692
504	-0.24765799176565087
505	1.1047058846586528
506	0.4899319046377326
507	0.26981686366236246
508	-0.2800599431414757
509	-0.3612816205843757
510	-0.4157559285869402
511	0.38645573980075
512	-0.12252746579321173
513	-0.31842885673228916
514	0.3315838078220429
515	-0.39647801126709825
516	0.21698578115866307
517	-0.47018826225861093
518	-0.3965710401436726
519	0.7891897762947936
520	-0.1314019522017935
521	-0.07645618469824818
522	0.05308142697051205
523	0.09210387932579141
524	0.34745221106350466
525	1.78755459689251
526	-0.037100626731742525
527	0.3012853617658572
528	-0.27786558725617977
529	0.10220261707193468
530	-0.145715490752654
531	2.135624358121914
532	0.15259835598983315
533	0.18884039216398282
534	1.0186882388092247
535	0.12748390512421778
536	0.31727993775530755
537	-0.17986449062939408
538	0.04465703853389652
539	0.22053851150256792
540	-0.04313926140590415
541	-0.015334206363826876
542	0.022347138224396813
543	0.29878088779097034
544	0.06967245943278193
545	0.3973120227679206
546	-0.05456505335379851
547	0.07613868873663551
548	0.08408750620002896
549	-0.045985381560662814
550	-0.11839208772807137
551	-0.048099829568269144
552	-0.2741800971654923
553	-0.06471360093994473
554	0.2540033020854382
555	-0.16398891772201732
556	0.12136881176150044
557	-0.1902757479381944
558	-0.1977675637627756
559	-0.25233317237602093
560	0.6707938084618547
561	-0.2635217126655605
562	-0.35964844796001594
563	-0.2882677031495348
564	0.9434349783389328
565	0.4913024557076345
566	-0.3632803203019726
567	0.7436829007724693
568	0.2284620056390268
569	-0.18530760648388758
570	-0.31656943351130623
571	0.00457517366386339
572	0.4368305855280579
573	0.3343232149596507
574	0.8382466202141221
575	0.46095270982599595
576	0.2571623711359719
577	0.3528148130105221
578	0.3762725854372797
579	-0.21324556572352668
580	0.4688406394866707
581	1.1025047500395582
582	-0.02749159092382273
583	0.8463843347231288
584	0.26581236149468773
585	-0.2912104634296741
586	0.836367203532549
587	0.3146763963857839
588	-0.11577505869209129
589	-0.003672347442644558
590	0.19902733463140093
591	-0.016132190469689684
592	-0.051843017446270324
593	0.7711424930663376
594	0.7844498844860783
595	-0.028417059943914243
596	1.099881534072124
597	2.0587124275459936
598	-0.003940670692213585
599	1.4892362217831965
600	2.2194924770358613
601	2.339738022076252
602	0.1926028478596638
603	0.42743223602421465
604	1.2757774573071685
605	-0.11175936603408178
606	0.11609505198144766
607	0.1038252832845126
608	0.10788701567376312
609	0.1639588545447007
610	-0.02744097671418295
611	0.01644260190725705
612	0.22169167988361613
613	0.07259155933320946
614	0.5474074155229582
615	0.359832393503305
616	0.03505211102741299
617	0.32017736961432647
618	0.11932225946935197
619	0.2716407897578725
620	-0.034006412989594385
621	0.4407571515703636
622	0.07602353441815654
623	0.36546469126290054
624	0.4819806697280045
625	0.34401689535465907
626	0.479589250898452
627	0.20075614962156155
628	0.10120454502074237
629	-0.0370470824890559
630	0.07754000230570295
631	-0.006470125309593935
632	0.11620925248540283
633	0.49914777935181137
634	0.07727433510912719
635	-0.024504195616370253
636	-0.10675720682186257
637	0.5728048539741895
638	0.5062216365748982
639	-0.19666790764788425
640	0.2972139421757617
641	0.23058665896145772
642	0.050997374076284976
643	-0.22905791379940801
644	0.05843633635666692
645	0.025392896908671594
646	0.0491855508054806
647	0.1374386391387768
648	-0.3550686360212346
649	0.02340189217578564
650	-0.16698161642152698
651	0.140362410840671
652	0.004459407105569004
653	0.009584359657702001
654	0.12639628828072955
655	0.16019940583248748
656	0.2774234817195331
657	0.009825783501908606
658	0.07462297217075876
659	0.11710259521769628
660	0.09204300222780908
661	0.09594459347641365
662	0.1310034128503217
663	0.40086970538250144
664	0.16474573412426818
665	0.1050500096934429
666	0.4388346745912134
667	0.3533137873960336
668	0.21229432496150802
669	0.24547476982181937
670	0.5696304365791635
671	0.21044849964298828
672	0.07142424312198134
673	0.21273249406179706
674	0.23052770945095008
675	0.012428070407433529
676	0.1796759193127321
677	-0.11637678598199858
678	0.058171679747115485
679	0.08116783763598359
680	0.11888035250362229
681	0.1516875432592424
682	0.04861425176534807
683	-0.009130713562994344
684	-0.011033963524891771
685	-0.11311841800231819
686	-0.06719691862858476
687	0.05887331479226716
688	0.19591962011794709
689	-0.10300025982043971
690	0.14517318244207092
691	0.4123962307535127
692	0.014493419113794788
693	0.016506450053312804
694	0.03878491101001798
695	0.39621297388704757
696	0.0366728795427128
697	0.020827212909015645
698	0.05601219653790025
699	0.1642269623154919
700	0.04331472710586844
701	0.13400365617370602
702	-0.06619881166378991
703	-0.17173465943953503
704	0.08468640079152227
705	0.07682050393357459
706	-0.10614365191257191
707	0.4696704620748842
708	0.3557945607410096
709	0.7665148382615498
710	0.14989452940992093
711	-0.06667431410130363
712	1.1002693704576958
713	0.25280892107628916
714	-0.21449686972865895
715	-0.2219057362110976
716	0.12351213427337371
717	-0.0070993660179490044
718	-0.14248879326093417
719	0.2984149102401842
720	0.4466202725165373
721	0.3326719438644224
722	-0.33381035090327915
723	-0.30651453114744814
724	-0.3025546268235679
725	-0.06927896767269698
726	-0.30474438336547893
727	-0.11312957936907224
728	0.005993266756219167
729	-0.4417280523845784
730	0.8160562901979015
731	0.9504267130560795
732	0.451816909414776
733	0.5620515095980014
734	0.37441265504002824
735	0.34467657562461784
736	0.21152119837531094
737	-0.02737000440293554
738	0.13939473035825445
739	0.004969591743037989
740	-0.010143098692837582
741	-0.028870104935052723
742	-0.045381860466597555
743	-0.09564082817724157
744	-0.029431951325238036
745	-0.006007740466943117
746	0.0039381127391080375
747	0.012145406769657129
748	0.043566348155214235
749	0.005499939213816446
750	0.010638001400479833
751	0.04384382780266284
752	0.05384074132334489
753	-0.06217109313435122
754	-0.012007327896789733
755	-0.03958059552449804
756	0.02322525860454992
757	-0.018911482073406642
758	-0.006641695315097383
759	-0.0271125250977254
760	-0.0296160642296246
761	0.0033968686581815556
762	0.020473893452656006
763	-0.023971254757428173
764	-0.00448761541188386
765	0.01968965436159929
766	-0.011255589814333177
