2	-0.06146618022568077
3	-0.027641803907710778
4	-0.04299634828676574
5	0.051514056381060117
6	0.01596873238882747
7	-0.03515903312525208
8	0.09581898593996854
9	-0.07689127241365606
10	0.045179067876659366
11	-0.07359171955893025
12	0.046552476687537994
13	-0.0680239220916307
14	-0.025369228095623628
15	0.050909123544127834
16	-0.028140519309168863
17	-0.04010703705343863
18	0.039529506127276036
19	-0.0011199626933679511
20	0.1559170355108129
21	-0.02248763205201615
22	0.005148598699533986
23	-0.06329449315094057
24	0.02044568370621044
25	-0.02079616565330021
26	-0.059724080630316666
27	0.014901090347333223
28	0.06249933889857353
29	-0.018400930640422378
30	0.03102555530795946
31	-0.0009762187323853706
32	0.05108210707598184
33	-0.06079657466999815
34	0.08546206881566952
35	0.0009278851989904584
36	0.01124887274986999
37	-0.04190154891616373
38	0.02739697332218834
39	-0.011102001147968383
40	0.028035153822113693
41	0.0023415049704673743
42	-0.030169517850206756
43	-0.0462100637544785
44	0.02667013867619301
45	0.15409490858073657
46	-0.050334611732532536
47	-0.0611524766636945
48	-0.11359143118197285
49	0.015408369449170779
50	-0.09451762594678487
51	0.1630076204596535
52	0.13463088447800134
53	-0.07441919679905325
54	-0.08332231394238947
55	0.16726858217259466
56	-0.14199130350732983
57	-0.018541902637676633
58	-0.0475314562259466
59	0.07804792654119128
60	0.19807863946244839
61	-0.1527540593566239
62	0.001219180452383608
63	0.010517507589683076
64	-0.0759316158926334
65	0.13657384643618803
66	-0.012930680986992413
67	0.2158563048235546
68	-0.2864550791200433
69	-0.1922637922142373
70	-0.0012892877006345142
71	0.3631360188730218
72	0.022867955732154496
73	-0.11981925269768576
74	-0.08520942693888575
75	0.015408483629819107
76	-0.10871597947330683
77	-0.21106519645687188
78	0.04653345245786422
79	0.020889989101078192
80	-0.12453433668763511
81	-0.019610089580064688
82	-0.1149718462579939
83	-0.02698969420976056
84	-0.19222204743269172
85	0.167175963863025
86	-0.043973369555361415
87	0.02153099857541233
88	1.1834543175663255
89	0.1093177749240023
90	0.015414006045113922
91	-0.022519418317329766
92	0.2623849320516415
93	-0.12259238989198919
94	-0.051927141002978655
95	0.08759952831688594
96	0.14978210175552636
97	-0.07389804977941401
98	-0.024952418988383244
99	-0.13797327200925144
100	-0.074114857859271
101	-0.09837536437623243
102	-0.03411386300848522
103	0.030862109035653826
104	-0.05144958978575597
105	0.009982153668668553
106	-0.020010035215103125
107	-0.033700586545745086
108	0.039088395034479126
109	0.0567263822447647
110	0.06814186784078184
111	0.009823766455246016
112	-0.03940819306510449
113	-0.0634193199154121
114	0.0899482249499983
115	-0.06060825537604315
116	-0.03637020330889285
117	0.030589474526740563
118	-0.005042092189637415
119	0.0846488474857794
120	0.07831435971093942
121	-0.021015537974767483
122	0.07294645237421223
123	-0.003280646086285866
124	-0.0009052586008658719
125	0.06761705265211845
126	-0.01213900921104241
127	-0.014561617077738592
128	-0.07739620483612085
129	0.030520157163930736
130	-0.0031392137036365887
131	-0.08055231395633718
132	-0.007834610412955294
133	-0.04376124910857063
134	0.06687268005580266
135	-0.11407210218381883
136	0.00968571996961729
137	-0.08131005577027076
138	0.012511267153465464
139	0.054380126868825346
140	0.062077071106260207
141	-0.020165318709383033
142	0.03505849592108912
143	0.005137605186748359
144	-0.05557503193423543
145	0.0013360660044148616
146	-0.051500885196515515
147	0.09299785484985743
148	-0.10463307582910766
149	0.021304686479539342
150	-0.10147745207443767
151	0.06409125888622483
152	0.0782188567083952
153	-0.07133747422656643
154	0.05938659683203893
155	0.08600820435961842
156	-0.09325924570699086
157	-0.1648944818831554
158	-0.14742418330871404
159	0.11146341323610186
160	-0.1476003661234748
161	-0.3125814685413451
162	0.022445819080325828
163	-0.10053788680964566
164	0.09144589765517971
165	-0.2059473944690518
166	-0.05333015647506304
167	-0.22472745569630484
168	-0.05741080972515869
169	0.028759240800926934
170	0.1033982443068641
171	-0.053235262766979
172	-0.0824451120053935
173	-0.02443420740253703
174	-0.05320261107242868
175	-0.12368530296983693
176	-0.05182057652490004
177	-0.11826421522762506
178	-0.08313700545749506
179	0.06974700446948527
180	0.06697230635790455
181	-0.02980588495272552
182	0.029786508530703984
183	-0.051506832928230016
184	-0.11172379776624387
185	-0.2943890860240666
186	-0.061942249938922285
187	0.2321382964495683
188	-0.1818594021041871
189	-0.10271531948994729
190	-0.2783736980677081
191	-0.03906336141453014
192	-0.06134443256796685
193	-0.18314152264532066
194	-0.06485802163702352
195	-0.285564827557213
196	0.036493423381181014
197	-0.10402186342586327
198	-0.04820452142702828
199	0.07928483030469381
200	-0.01970533124028749
201	0.00022132524263427766
202	0.051724672568586406
203	-0.0447927926479841
204	0.0707884948315065
205	0.052936807237487046
206	0.08301513825188912
207	0.09689006087051882
208	0.11481897734637654
209	0.04701748539842388
210	-0.17267018154268599
211	-0.002592792196876454
212	0.07777659757112243
213	0.14328792033997234
214	-0.03726623683228421
215	0.14742932465501926
216	0.24971872975313644
217	0.3024560938974252
218	0.08337524341413269
219	0.06308030448953687
220	0.1951160175740145
221	-0.05595114301753659
222	0.1872911453510943
223	-0.00316163585850858
224	-0.11559399253736075
225	-0.09179939348436576
226	-0.06776457683353491
227	-0.03931976537670756
228	-0.1591293058447052
229	-0.16388934538604263
230	-0.031697248947541605
231	-0.16596274028102312
232	0.04812232782311898
233	-0.04443049355157857
234	-0.23635108434851915
235	2.888154992937489
236	1.2507701622558485
237	0.8640428673446977
238	1.0306029756496835
239	1.489249098976917
240	0.7400611103557182
241	2.3975261605422893
242	1.9677014600093659
243	2.033475778001245
244	1.323902822809508
245	1.4402969353228081
246	1.739230797080906
247	2.3740107803751664
248	2.8121287590829835
249	2.3957374804915714
250	-0.005503437375773164
251	3.026804706375837
252	1.088148732634962
253	1.1893816182092378
254	1.0544796069662499
255	2.2889039624329843
256	0.7719852649311634
257	1.0060516032601619
258	2.6734761498568624
259	1.2792565049917906
260	0.6039517359436389
261	2.798420365958354
262	0.9058589278023609
263	0.8683119882322284
264	2.9397830803186817
265	1.3413380992889543
266	0.7795916963410121
267	1.0090726612492877
268	0.35753737033302413
270	0.5167878335201397
271	0.14495878125576653
272	2.738034706398848
273	0.07854722946598124
274	-0.019254508435997787
275	0.20218910702726012
276	0.5835331954223157
277	-0.07163134003969505
278	0.030224895988661713
279	-0.15247320176653284
280	0.257793653384084
281	-0.10556729667202248
282	-0.14203706440295868
283	0.5161725512780353
284	0.39272129962562546
285	-0.06473435987872422
286	-0.1178048373673089
287	0.6969653656604974
288	-0.10450893957840307
289	-0.018457529318427757
290	-0.016839784074987325
291	-0.06325751969679834
292	-0.06747116555263218
293	0.06830233098595481
294	-0.032779205925873266
295	-0.0399052717017353
296	-0.10168617448531568
297	0.027725574890273972
298	0.08989509972138932
299	-0.012258337077511054
300	0.055911429192448694
301	0.08423765667394527
302	-0.08926522744109906
303	0.04587864422607076
304	0.003957849491240703
305	-0.002834440789282108
306	-0.03635177437059278
307	-0.025098034162025308
308	0.05702722045936564
309	-0.01991326380723106
310	-0.09716687763320336
311	-0.05169446555132186
312	-0.029341549924422117
313	0.018643956679926466
314	-0.056982163105619085
315	-0.013067501370243378
316	-0.03366677381050644
317	-0.005689150762289165
318	-0.07180215830092337
319	0.06945578899594351
320	-0.025481237772118547
321	0.045528344186554985
322	-0.056662957883008326
323	0.004165756434204553
324	0.023418320235211367
325	-0.08382447033797244
326	0.07160290115904984
327	0.011550174902815308
328	-0.049784821092412675
329	0.057990712883011476
330	-0.013814126078462385
331	-0.026730707671711495
332	0.018665742748766697
333	-0.04739557502357174
334	-0.05423673372003359
335	0.060330498710753654
336	0.14134484003053438
337	0.0305939754819862
338	0.06292097245655671
339	0.031479761598591324
340	0.057166466867092695
341	-0.011408348740453681
342	-0.008913653401545173
343	0.023062890872275598
344	-0.04903322797221959
345	0.02239380820074313
346	-0.06628791076529077
347	0.2132033556689981
348	-0.06676367173776417
349	-0.09072984921050999
350	0.02390895524519162
351	-0.07309854678543025
352	-0.1388210284952685
353	0.10323865446753255
354	0.10478647567186093
355	-0.06019601796427811
356	-0.1326757869086418
357	0.11101864493409776
358	-0.03153367909021637
359	0.06444524789340082
360	0.8967685562258948
361	-0.048137914469065526
362	1.2683888617581456
363	2.0263526029552823
364	0.5549963932866753
365	2.7501335903174087
366	2.068602570993226
367	2.596827695773963
368	2.097719780265031
369	1.1841554501633116
370	0.33990701379673216
371	0.9331651092014123
372	-0.0896035570569358
373	-0.02072466645592492
374	-0.23712627130202854
375	-0.11216117502615322
376	0.001471137499960372
377	-0.27635345972825953
378	-0.10406524617396809
379	-0.21546668955649
380	-0.057660688656258646
381	-0.09472379016683664
382	-0.14578567713030208
383	-0.03533504831904175
384	0.008442809935202028
385	-0.051118134460502784
386	-0.014127759872750572
387	0.04065023476024624
388	0.006867584261741772
389	-0.04353302076186746
390	0.11276206905730696
391	-0.1005880227597462
392	0.06917218455388455
393	-0.10216098358726139
394	0.07920145518458714
395	0.03773521529320963
396	-0.008381911820981254
397	0.13995056094642433
398	-0.002127573584195646
399	0.0729917907315774
400	0.027867529566915933
401	0.00730513655689422
402	-0.02557955189510257
403	0.023606511960572223
404	-0.05727240803393777
405	0.12240797367733657
406	-0.05948168998104763
407	-0.0097838294788081
408	0.0614456958711602
409	0.054829228961273915
410	0.015465225931175022
411	0.005368856727240933
412	0.0028921819604021863
413	0.02407015729595152
414	0.01793132017723795
415	0.0028798655364956427
416	0.005272042077386073
417	-0.04910696953642932
418	-0.0198216460003181
419	0.04349981700005573
420	-0.021111624879208327
421	-0.014357609949168213
422	-0.15495211988554206
423	0.002367334825916134
424	0.022148842059304615
425	0.06483088715327595
