427	-0.0015075665983877962
428	-0.017576587564715314
429	0.0020260403297861075
430	-0.029976297247811895
431	0.01148629190738276
432	0.002838317377877347
433	-0.06278478364315093
434	0.0296938560241482
435	0.03278626940321711
436	0.03830572945743859
437	-0.02940962729716353
438	-0.005972862664675492
439	-0.04177948427687373
440	-0.017840245298005587
441	0.027817512952611534
442	0.01987451119204286
443	0.002378778191137998
444	0.049995080747952524
445	0.02981432760090152
446	0.0576467107038099
447	-0.03523658981753993
448	0.06738753426772996
449	-0.0018574565066054823
450	0.06551851616446278
451	-0.012796928799171148
452	0.012756192459676715
453	-0.008028899474935626
454	-0.010724212657078593
455	0.08890098138800306
456	0.026178709288390632
457	-0.06742341468810392
458	-0.029538234175026722
459	0.002978598171011683
460	-0.03012653467032388
461	-0.0032045614635349997
462	-0.03423249170832583
463	-0.1250656525794222
464	-0.23379688409631771
465	-0.03543837249382129
466	-0.22710682743458382
467	-0.10815863733725085
468	-0.09671136207074417
469	-0.2937709987833042
470	-0.14250073386014708
471	-0.16662889892924654
472	-0.12030690503852545
473	0.00965559581816874
474	-0.08851177169382773
475	-0.01583353449405149
476	0.007559174507426165
477	0.09587861687590331
478	-0.026036926402402138
479	-0.008650713369620488
480	-0.028343464756502023
481	-0.04999110239877144
482	-0.0473577015375917
483	-0.09176038842786975
484	-0.05290206696154244
485	-0.2723295350914456
486	-0.041231144988457896
487	-0.1281387380219999
488	-0.029604283803249965
489	-0.04123999054483858
490	-0.0018378037889240238
491	0.009501469470416949
492	-0.0384011072179551
493	0.0029652327068589233
494	-0.029853235693971386
495	-0.12208696749915628
496	-0.012114043649406075
497	-0.07275503051206621
498	-0.22770621270005276
499	-0.2217603215003357
500	0.009086401060581685
501	-0.05584287031283332
502	-0.13427875797895572
503	-0.1331166774703075
504	0.06403999799980661
505	-0.10162324559117285
506	0.0160869352190046
507	-0.06293893215093518
508	0.03759636521970645
509	0.025398158720757246
510	-0.02710751501451104
511	0.0005910344761087274
512	-0.1265086493461397
513	0.044498485311260154
514	-0.04675742691123676
515	0.08402093105905387
516	0.04587375007304724
517	0.028143220742527064
518	-0.052331212410232274
519	-0.08211800170166357
520	-0.0018286333439582383
521	-0.01179502463010254
522	-0.02075831095201576
523	-0.03869970868862653
524	-0.08584391181488314
525	-0.15182716763022996
526	0.00456982451692145
527	0.04074309885534962
528	-0.028047415978645046
529	-0.05341030783408972
530	-0.019941632685286148
531	-0.3739322300216355
532	-0.013753469537028268
533	-0.05527394940239764
534	-0.08560199900689248
535	0.029388754929109986
536	-0.008033349337815738
537	-0.29490432186468757
538	-0.019483045101677025
539	-0.00461029713991091
540	0.00231546147697756
541	-0.12686459170672773
542	-0.13550816153172893
543	-0.008789517063839899
544	0.016406046516870422
545	0.01599822275595878
546	0.010166427008136929
547	-0.05822199263075615
548	-0.07558151311794059
549	-0.04368372506859405
550	-0.014594564405790024
551	0.025194082109761654
552	0.004504411853367458
553	-0.041779312139366705
554	-0.0882805644250156
555	0.029242392297696786
556	-0.18495280675847417
557	-0.03490244706706238
558	0.005479416033850309
559	-0.029871763614006414
560	-0.20824107158520133
561	-0.2174408991335538
562	-0.056578967382558625
563	-0.2958805443334561
564	-0.2724333741635485
565	-0.0874176148400843
566	-0.07438000341705817
567	-0.2977407011719182
568	-0.22101477825604302
569	0.044208723689330515
570	-0.012806012318607587
571	-0.015916246274544358
572	-0.10139440834161444
573	-0.06274546027409059
574	-0.17910969319477776
575	-0.018103421092188134
576	-0.024722330852337722
577	-0.17702073641404842
578	0.01423850751593418
579	-0.0717158300807817
580	-0.04784561109670524
581	-0.12755433880588019
582	-0.3456025921342766
583	-0.2368612048994182
584	-0.12556802424407215
585	0.03585533791434473
586	-0.11667300874856792
587	-0.06282343260428186
588	0.04015534304186387
589	0.055204656477263754
590	-0.2462575677745864
591	-0.06802397495452958
592	-0.32242979789564397
593	-0.03920185815704458
594	-0.07615814964867618
595	-0.0009992357930242203
596	-0.11168654952129281
597	-0.22113411286115336
598	0.03852047275323228
599	-0.12667348008932158
600	-0.18649757156363034
601	-0.17349982877236866
602	-0.07151101627185708
603	-0.01130866836789413
604	-0.12469196740131518
605	0.09894957961904556
606	-0.0021426140703681663
607	0.026423252346032513
608	-0.004183818849185134
609	0.007106692262370216
610	0.03696412234450577
611	-0.010984503341571809
612	-0.03219795560316665
613	-0.05599722537645125
614	-0.03559041154543543
615	0.02551186441507871
616	0.08266904503405506
617	0.04219701190780994
618	-0.020038826027043037
619	0.030683215207790073
620	0.0240666051959354
621	-0.11694770662195815
622	-0.08493004831798422
623	-0.1540550323959181
624	-0.017260819109136565
625	-0.014910393524496758
626	0.006724102094984754
627	0.0050473823354353015
628	-0.01924523399370987
629	0.05163947878740823
630	0.005900295282529108
631	0.02184169354974379
632	-0.01567568827527842
633	-0.07713202288406325
634	-0.020705043293772592
635	-0.009800386979495757
636	0.012110393406316235
637	-0.06760460382588614
638	-0.38055081220387343
639	-0.20224493798888404
640	-0.17793904727242812
641	-0.11098452264581145
642	-0.14431053399677593
643	-0.45380081509597064
644	-0.0861426718402395
645	-0.09345408805093366
646	-0.010879186025153333
647	-0.06321333174792822
648	-0.11354130120698437
649	-0.12751182869846223
650	-0.02713623577876503
651	-0.04819653679961713
652	0.013308663158752556
653	-0.02424079409898271
654	0.003972211323859457
655	0.010672219549474872
656	-0.009486784418443151
657	0.014783781933116155
658	0.012775264112991723
659	0.006715149316539993
660	0.01385299052288835
661	-0.011134288790047601
662	-0.006304403795062355
663	-1.3443504972579209e-05
664	-0.008168081885892568
665	0.030986449344809517
666	-0.0011092209593384944
667	0.051435834115563926
668	0.04054921814763364
669	0.06062153017554176
670	0.00935685448584618
671	-0.06853880963505007
672	-0.006872018631320165
673	0.005941257737408368
674	0.041192291626837685
675	0.009787784875386488
676	0.015200832708772526
677	0.07304608665940207
678	-0.009882072000686465
679	0.034745274801624974
680	-0.059594406933263726
681	-0.024412768163890396
682	-0.03183220239372975
683	0.013782945930434415
684	0.055505646468472905
685	0.04485325081167714
686	-0.011193363933626866
687	-0.006402357676298585
688	0.012776501613500873
689	-0.08798619349981564
690	-0.043157507316775166
691	-0.02012588656946499
692	0.0012236230959362204
693	0.0030964607328502355
694	0.04058587964645532
695	-0.11068607149596504
696	-0.12983034806457308
697	-0.11193303106726377
698	-0.020604735050911576
699	-0.01722445121903636
700	-0.0774072367798018
701	-0.02801294518035425
702	-0.0022154981635162186
703	-0.047294978795610274
704	-0.21639716869488237
705	-0.05484922315916059
706	0.02584815302202762
707	-0.13522757138683641
708	-0.016619156812176815
709	-0.05477160724512131
710	-0.135853578301529
711	-0.0584664172449219
712	-0.15350236087067864
713	-0.05935219683958789
714	-0.017534862030564626
715	0.02082686999724796
716	0.008931004112361314
717	-0.028529549346123576
718	0.006709300939525796
719	-0.08247752891833247
720	-0.06434885222507046
721	-0.020514157796504978
722	0.054607527499545505
723	0.03635007469224962
724	0.050107739951805695
725	0.022808864557140235
726	-0.0004631244604210079
727	-0.03137801389847525
728	-0.03206556158625915
729	0.019361623272980417
730	-0.10963542031414068
731	-0.13037975441084682
732	-0.09458069754376554
733	-0.009007167523697554
734	-0.04389334109021416
735	-0.11272207577060747
736	-0.049294159088003636
737	-0.008291074654829209
738	-0.05450800284411107
739	0.018792836481194168
740	0.020237614026399176
741	0.009050126397571974
742	-0.0285287035066154
743	0.00258201838501361
744	0.01152013767162068
745	-0.03686562616048092
746	-0.010236260471507299
747	-0.032594388267886
748	-0.04561608230316859
749	0.00408575190417471
750	-0.0032792113008353304
751	0.04577128230394787
752	-0.0118978933013819
753	0.013418322370317608
754	-0.008086793873879944
755	0.009681616637394017
756	-0.045409849565758865
757	-0.01772996916988945
758	0.005937481375032169
759	-0.028916233250684476
760	0.029283503863027333
761	-0.025410121871017557
762	-0.014623366448228065
763	0.03272120534921152
764	0.0010217685029782035
765	0.05605595154184765
766	0.001992953552219965
