427	0.005968896958651662
428	-0.027906705271182095
429	0.014358967162338138
430	-0.015416509201145909
431	-0.022975351636453544
432	-0.1072839667303746
433	0.019824097488616712
434	0.03654186375714402
435	-0.0033448046560949937
436	0.04535061195439088
437	-0.02497129053740567
438	0.01126178909649797
439	-0.04314184855869082
440	-0.021335806732794546
441	-0.0076044941891753775
442	0.012275972135753517
443	0.03777122996776714
444	0.07708924473706423
445	0.021531750230842132
446	0.18701408746748022
447	0.006926437877109304
448	0.02531465954401175
449	0.08578075672074627
450	0.18340886869186743
451	-0.017551108991550497
452	0.09452062662118732
453	-0.02562848135293261
454	-0.007951483886415936
455	0.05742988303278945
456	0.08135483059021834
457	-1.3581459016236724e-05
458	0.006578851352159806
459	-0.07313644216652855
460	-0.039337087292934746
461	-0.03962097883531216
462	0.0027036388742922818
463	-0.04419180021235506
464	0.01933223515439718
465	-0.024841970538713065
466	-0.031959975542789565
467	0.009860969331697785
468	-0.035453526726422255
469	-0.07141653617581771
470	-0.061972860156597864
471	-0.030248118521697436
472	-0.06750004077915762
473	-0.022242059284933453
474	-0.059965984631677995
475	0.05644771582942683
476	0.19417899903127148
477	0.19314641667244956
478	0.42253324989650176
479	0.023548561552505235
480	0.02953889686226324
481	0.07224275509643083
482	-0.08060778224510332
483	0.05679159686275262
484	-0.01996302371601474
485	-0.07957255168636222
486	0.00017486281155502703
487	-0.04845107337322028
488	0.010011151109632951
489	-0.03703999501471913
490	0.05647332171567259
491	0.032454887335556966
492	-0.028073387376922655
493	-0.04405771926952139
494	-0.05806104041785597
495	-0.02044152896412932
496	-0.0788453751374692
497	-0.03305764870473362
498	-0.14124078288443082
499	-0.14002221628775174
500	0.029405333365800153
501	-0.001966003331296743
502	-0.08629873636257462
503	-0.040560869952960286
504	0.09529277668194555
505	-0.05604143409978657
506	0.044650971262772
507	0.069820889768782
508	0.07018767189390025
509	0.10345879281387316
510	0.07109388175388688
511	-0.023667006071107635
512	-0.014401548151139481
513	0.18444357701831787
514	0.10110287896269378
515	0.2719697522822419
516	0.10866365202193336
517	0.10849470743403543
518	-0.0006850203410719101
519	0.03158479024075538
520	0.04853663266338317
521	7.287559077296982e-05
522	-0.04542314638494641
523	-0.051116236077878206
524	-0.04334230954239098
525	-0.10439415815804529
526	0.07395765298113349
527	0.1535229449746366
528	-0.013293130753236215
529	0.12077973293994859
530	0.027709291510301458
531	-0.21636985675576653
532	0.10114619157052243
533	-0.00797320226299014
534	-0.045568916887689034
535	0.006118299650622365
536	0.054813895935225336
537	-0.2867517051009443
538	-0.061629209419842984
539	-0.03389511055858298
540	0.01951063934092384
541	-0.12597470324228743
542	-0.17622131748115885
543	-0.020361752654101003
544	0.026072080285566592
545	0.026019042145859886
546	0.0477423537660985
547	-0.02649868688060396
548	-0.03107922262053451
549	-0.03628659140891079
550	0.02603501632738483
551	0.04510557190989015
552	0.07693389205418656
553	-0.023581159757809323
554	-0.12626952711835332
555	-0.021652377433252476
556	-0.20145974499767846
557	0.05577699932026637
558	-0.021956489139473314
559	-0.013803478194480408
560	-0.16634108941223016
561	-0.19125581497619276
562	0.05660019691637972
563	-0.1426090651712666
564	-0.2159941269967291
565	0.006574449069509352
566	-0.03078239791546987
567	-0.22240354036565027
568	-0.19221217936500096
569	0.10819713686204899
570	0.03767235761661116
571	-0.0013214478151912753
572	0.007430232864272276
573	-0.060298404683526784
574	-0.04102447911925739
575	0.10792864745559683
576	0.1447335190719026
577	-0.09780829516186276
578	-0.005477357900920759
579	-0.09608869921462482
580	-0.012505945214222484
581	-0.012071654840336545
582	-0.27847745963700454
583	-0.053413643441882916
584	-0.029541890500981122
585	0.06966358875116524
586	-0.04258150608607433
587	-0.05392024566904005
588	0.012100758437679769
589	0.06208982445875477
590	-0.16895005337017666
591	0.0095250118327585
592	-0.3234593519121867
593	0.09702812614113258
594	0.03802058012566748
595	0.07522858633146297
596	-0.06238769477151147
597	7.152700121271041e-05
598	0.1952747363380507
599	-0.00920987600381618
600	-0.0389074427363311
601	-0.0558824537999657
602	-0.03577867008112271
603	0.022535752949823705
604	-0.1017253569902099
605	0.06963595186064027
606	0.0019009637562545894
607	-0.018592517064504377
608	0.0091650459440499
609	-0.02090011243843492
610	0.041732726257511205
611	0.01978887387861251
612	-0.012835976825285334
613	-0.021447933762081133
614	-0.006878639952072202
615	0.11456601071354314
616	0.11547248897027221
617	0.06669995454482856
618	0.023498996629631924
619	0.06580441748755372
620	0.180041057404462
621	-0.0642531362682053
622	-0.0713777956829751
623	-0.08479842638349336
624	-0.009574976241650832
625	0.025356213098417898
626	0.023060251023088774
627	0.03016005145008166
628	-0.00989348501995756
629	0.10345434501614603
630	-0.020889618626487128
631	0.046584365555826346
632	-0.03030172083973723
633	0.013551512731862852
634	-0.05767981811151749
635	0.03880386768275003
636	-0.00012249597918203962
637	-0.046314403384944004
638	-0.23347987332397369
639	-0.2122083199984203
640	-0.1602262481680313
641	-0.06019518434625076
642	-0.10926575163709527
643	-0.43761366828404824
644	-0.019636225605062948
645	-0.06283029232521577
646	-0.019061547461770346
647	-0.004658680439628265
648	-0.07629618974725424
649	-0.11080552236721113
650	-0.016157436018201094
651	-0.05670518190589311
652	-0.014937510686439014
653	-0.05344888501830294
654	-0.04869638510289306
655	-0.0032198817136279037
656	0.032242906055299836
657	-0.00016363453270003034
658	0.03167562085154484
659	-0.032751012368516526
660	-0.018581163375080888
661	0.03190736380686944
662	-0.008395571507923959
663	-0.027655169731457978
664	-0.006799749792365753
665	0.038900898763383034
666	0.022780007515107212
667	0.004546025094617381
668	0.11452279713719025
669	0.04882388099666946
670	0.006683137629279908
671	-0.0624165388634311
672	-0.03775002634902155
673	-0.023233233045627865
674	0.0598716346894508
675	-0.00961999062880462
676	0.029102277846108672
677	0.1044950312103571
678	-0.03604771378862296
679	0.09020227812389744
680	-0.053533398764829154
681	0.033053522908982995
682	0.055687839073170715
683	0.005677070079868022
684	0.07891476347213999
685	0.01738504908889242
686	-0.00420927674083686
687	0.004081027431607889
688	0.06489719065147119
689	-0.17615799643660668
690	-0.029408469230412505
691	-0.07244910400191105
692	-0.0332519020640606
693	-0.04959049147508445
694	0.008334855490949197
695	-0.10027042111089988
696	-0.1129788249909381
697	-0.03834094579504453
698	0.01949788618485829
699	-0.0224670807962334
700	-0.043555533818526705
701	-0.03435897665122582
702	-0.007413046921406955
703	0.013141950314142324
704	-0.20952331296244686
705	-0.05918706138808069
706	0.005751990420036117
707	-0.0826926321677824
708	-0.033461193314143156
709	0.032145742641651265
710	-0.05848705494791001
711	-0.07586339057350684
712	-0.17562479717671564
713	0.0032797180065625817
714	0.02636994513739973
715	-0.08631175147084691
716	0.046575070720302335
717	-0.05837479465206895
718	-0.01553816149030938
719	-0.08371909096250464
720	-0.014963784008940906
721	-0.04486475170799712
722	0.09552740010930687
723	0.12563809937289602
724	0.09568457618636707
725	0.10273637952295825
726	0.14040967418800124
727	0.007604303755680406
728	-0.034201621825920965
729	-0.07210700226072524
730	-0.12263936816953955
731	-0.13356166272476702
732	-0.014037816356846805
733	-0.05952881666634416
734	-0.05738244465611854
735	-0.1030778298073932
736	-0.024487001866659877
737	-0.08432622084069082
738	-0.01603817304455431
739	-0.0013977072878508209
740	-0.008477154100062494
741	-0.014856419483379107
742	0.0035604847902850237
743	-0.026331489132773136
744	-0.008827748859853457
745	-0.07081899030307018
746	-0.0731744585792581
747	-0.03830959271262249
748	0.013545832589172437
749	0.03759862637499429
750	0.04914376166214171
751	0.020292892260533074
752	0.007128340033561519
753	0.026611927261989188
754	0.05275121595145322
755	0.022745701566206523
756	-0.05784012956430926
757	-0.01045227060225303
758	0.059307582531433416
759	-0.0403666608087298
760	0.00037796761630589835
761	-0.0075538693800961745
762	0.004458960115213636
763	0.06788921980545855
764	-0.03905323979430084
765	0.10103574948996766
766	0.000925390718675876
