427	0.008890366107253585
428	-0.0028866264539729
429	-0.009071801135553515
430	-0.03322380305554484
431	0.018600066719580054
432	-0.0006200942466273399
433	-0.011948834581578254
434	0.0023289844386050634
435	0.014288252089637394
436	-0.0221753542574461
437	0.009887962403092986
438	0.02566549117725656
439	0.00039993954887367983
440	-0.03286218292987452
441	0.011069200629505055
442	-0.046448131845869434
443	-0.004807111902632356
444	0.10096155794676437
445	0.03914098458897332
446	0.12619087825309072
447	-0.021828489204128897
448	0.03811837169419405
449	0.01495859455574981
450	0.18304331780720365
451	-0.060207017931317885
452	0.16132149648789484
453	-0.05464146947935321
454	-0.05141627571974498
455	0.08132158002117965
456	0.006081323762227343
457	-0.04569681526969594
458	-0.0610596822449196
459	-0.14927425473807582
460	-0.12652826988381027
461	-0.07144898527968498
462	-0.3659412172125078
463	-0.23484288573307588
464	-0.6036183999866092
465	-0.21248711271319637
466	-0.8366868595850129
467	-0.4395301761158077
468	-0.5329306418319998
469	-0.9884872343584497
470	-0.4773774176280191
471	-0.38236134836682756
472	-0.25612251691702326
473	-0.108222200150282
474	-0.09281488794466594
475	0.022102564087319605
476	0.052746978391079155
477	0.03224286553640661
478	0.07736782919671727
479	-0.07190181138512856
480	-0.04747211983690281
481	0.19529360761455178
482	0.029078410694002466
483	-0.6573601470995024
484	-0.1779798108189509
485	-0.4326426244086205
486	-0.03611830431098599
487	-0.07052175123168464
488	-0.06673944920645727
489	0.0009734179021345281
490	0.081963774919599
491	0.03270371503961555
492	-0.05035481551721731
493	-0.04754757009113534
494	-0.0961407426074698
495	-0.14917731514133717
496	0.020011846073433617
497	-0.06795072594947837
498	-0.15499010625368975
499	-0.24111335855983723
500	-0.04603747815936325
501	-0.48356361395071695
502	-0.010070534315067608
503	-0.07950496124827328
504	0.03146212941021083
505	-0.0615883818716345
506	0.0165193511218379
507	0.012399912971179997
508	0.04981741658835572
509	0.0059966069431481835
510	0.028526432136925985
511	-0.0050235046989470945
512	0.0020462066710212013
513	0.0875787182741142
514	0.21402235505838804
515	0.12704897114544408
516	0.15636644947718709
517	0.04882807557488689
518	0.06301279059855534
519	-0.01602161181628805
520	0.04645050579821601
521	0.016403112333059886
522	-0.0573413504822678
523	-0.09857575473541515
524	-0.12309641999258339
525	-0.1897927323655483
526	0.08059769598838779
527	0.12954855531603587
528	0.02625606203397805
529	0.19984308144091012
530	-0.03136726305687099
531	-0.25000746691394815
532	0.27504190306377335
533	-0.0768994700317665
534	-0.14765190157244043
535	0.05626105626413022
536	-0.023949371167047456
537	-0.17527322859221856
538	-0.015099834013356742
539	0.14422970585461936
540	0.026843386141571446
541	-0.08967204436291991
542	-0.09862421496384483
543	0.014965502029138593
544	0.05586427583331313
545	0.12423682364088394
546	-0.022421120165702784
547	-0.0645354109646732
548	-0.1089773419400166
549	-0.047452302920691705
550	-0.06010923853103207
551	-0.012342881952965519
552	-0.002442108478152998
553	0.01619940186356925
554	-0.07407284411431712
555	0.048277737752841825
556	-0.16732086224542053
557	0.010826659905450906
558	-0.008091372111912775
559	0.0013117801638977784
560	-0.18183460343290272
561	-0.1259799766474986
562	-0.029924447893110023
563	-0.12485735832435357
564	-0.17376760193669397
565	-0.062468882432242634
566	-0.08880833111051548
567	-0.21156394741174628
568	-0.08875389609583485
569	0.028316484820179035
570	0.0014219870997133658
571	-0.08526134828311575
572	-0.38368345194290615
573	-0.17533824678469567
574	-0.16753124877362993
575	0.005434461910194904
576	-0.31589529285726814
577	-0.1580321904855689
578	-0.4759801090840978
579	0.0017193276053693186
580	-0.2901944567490317
581	-0.810780893117184
582	-0.2484282800094452
583	0.11469987473486352
584	-0.06848404304650714
585	0.048038999633752355
586	-0.12200589374799148
587	-0.07857994793347789
588	-0.0026294235212287564
589	0.048380694591394734
590	-0.10162051228663771
591	0.07762203034391231
592	-0.08059788415799046
593	0.2211872247062178
594	-0.39323251253319097
595	0.20550519212638946
596	-0.6370523542065608
597	-0.4587073482983986
598	-0.05157537970970036
599	-0.25550043696743296
600	-0.48351508868926335
601	-0.4847923302612261
602	-0.038698817823845294
603	-0.13306088787907214
604	-0.18676283340809288
605	-0.04052212086488111
606	0.05442935610718749
607	0.012186061310736683
608	0.016948818071339054
609	-0.008444433759796378
610	0.08673221978055567
611	0.08028239860748781
612	-0.013162712103610202
613	-0.054852980377295656
614	-0.05914063824448272
615	-0.12295916116682487
616	0.04131804217965251
617	-0.11418826388638252
618	-0.028709246908908873
619	-0.26586672069345507
620	-0.07266935628218144
621	-0.37728198422663367
622	-0.18242381775804783
623	-0.3251418597176605
624	-0.12806972837071212
625	-0.1489787159998363
626	-0.07036197136897154
627	-0.027785086793336168
628	-0.008900909819111565
629	0.05500992191689284
630	-0.025385525185732793
631	-0.0400947895824423
632	-0.04697503477256996
633	-0.023851923676078583
634	-0.1188215057782487
635	0.0013289564242209883
636	0.030633192632238206
637	-0.15842789834860949
638	-0.30992007545108546
639	-0.0757534350133789
640	-0.24060600344277797
641	-0.23405867862646215
642	-0.049683144419746805
643	-0.20294478625793314
644	-0.11849012520443167
645	-0.01603115563763597
646	-0.04259498512432098
647	-0.03230269289694766
648	-0.018682142548258375
649	-0.0941605960590999
650	0.02518763985981044
651	-0.08547224965279641
652	-0.02323376807026452
653	-0.02215258472676313
654	-0.10950238263166902
655	-0.12819823138750389
656	-0.1676751145644243
657	0.008693881223574356
658	0.02219909883862168
659	-0.047341082628821356
660	-0.013858136690357632
661	-0.01730140070245558
662	-0.10843532895937805
663	-0.05037828509319962
664	-0.07788986004596303
665	-0.1312233902592038
666	-0.138546849048046
667	-0.039840163067107
668	-0.019470748701146557
669	-0.18053724288550857
670	-0.12157295224890136
671	-0.09045323966410612
672	-0.07689747000576258
673	-0.013652352935610228
674	0.04194862623023083
675	-0.06013230698753269
676	-0.1146500702206962
677	-0.0050323236628433
678	-0.119248810937267
679	-0.06497396958638074
680	-0.09553585429309214
681	-0.10683588082339047
682	0.032904869721650874
683	-0.0009651539225826957
684	0.07163530234162382
685	-0.005536868452460761
686	-0.09292138405511131
687	0.006857532243932585
688	-0.012402915256524543
689	-0.07017029586122063
690	0.005954296517344681
691	-0.033533626741403096
692	0.04099667289275714
693	-0.045101388827111726
694	-0.03515989791112464
695	-0.11731250013175229
696	-0.08990079379170325
697	-0.04128893955316922
698	0.009473767203104215
699	-0.08062380854413033
700	-0.05241263256990436
701	-0.017511857884946077
702	-0.013852931191211346
703	-0.07621848298184414
704	-0.2638820091026731
705	-0.06972315335740867
706	-0.0049436148613416645
707	-0.11161230892660552
708	-0.020317296304583857
709	0.007683513763678605
710	-0.1094236675653286
711	-0.04796045897749358
712	-0.07087900622923064
713	-0.06695787969525098
714	-0.0618172164617166
715	-0.008144909103382074
716	-0.01365519673092887
717	-0.06607776082036522
718	-0.05860122488322593
719	-0.10897498123957466
720	-0.001953069539460552
721	-0.03221298643464917
722	0.02148879750471148
723	-0.028739627792141995
724	0.005672682831086593
725	0.03653810748576187
726	0.028057605832841635
727	-0.04233078983901056
728	-0.011023352211904572
729	0.022393811182146974
730	-0.14479154042144085
731	-0.1659432586521537
732	-0.07051211025427874
733	-0.03488529420109043
734	-0.07501190468990163
735	-0.11263726966615006
736	-0.06183164567429875
737	9.927763777315726e-05
738	-0.015677470704391853
739	-0.07782114267293715
740	0.001090499628472815
741	-0.008127749754713058
742	-0.043094256706964304
743	0.011728974256901635
744	-0.025198301736287183
745	0.007423181566492686
746	-0.037431585307805375
747	-0.021367435222437444
748	-0.020817956531614567
749	-0.05899655247359888
750	0.07074033334184995
751	0.003295311076423434
752	-0.02647763827938981
753	-0.04625470016552361
754	-0.05106763192753104
755	0.038961568039503715
756	-0.0562796537724838
757	-0.05346658970133002
758	-0.05092116817182679
759	-0.03599930735254741
760	-0.03238789898718803
761	0.02409437101815113
762	0.008287050736399312
763	0.05425141775834388
764	-0.0211697471571247
765	0.0312976125516308
766	-0.029377957237595082
