427	-0.011386338953286609
428	0.01654983168683598
429	0.020727804181605695
430	0.027634784012808545
431	0.006847827786117205
432	-0.005655635002408042
433	0.041528209511306945
434	0.013333774852665105
435	0.06619477653618683
436	0.03581174855865064
437	0.04065906956122066
438	-0.051931634231509365
439	0.029414556699453292
440	-0.006172183671768406
441	-0.09573455421108595
442	0.15625945933981686
443	-0.5753615930794181
444	-0.3198411544632373
445	-0.3416138766558377
446	-0.5842649696545396
447	0.2206011063056571
448	-0.19507598189435743
449	-0.030468444829681113
450	-1.1810776686386502
451	0.37643004804658103
452	-0.9866021306215895
453	-0.0806600993846804
454	0.20912841533398818
455	-0.48416785320910805
456	-0.39470012050437087
457	-0.2386041277269321
458	0.19979275139469713
459	0.16267340096898947
460	0.257480026535399
461	0.2607712062697856
462	0.843503482812113
463	0.46019319452375324
464	0.2495078421733054
465	0.3642659801185339
466	-0.2044136320600949
467	0.8095359157622518
468	0.7912738120504536
469	0.269860794058299
470	0.8738711765244337
471	-0.15916833573852177
472	0.7503566312072693
473	-0.0576564925925651
474	-0.04198072644509957
475	-0.5444370253350609
476	-1.1581359859334581
477	-1.0230714956304143
478	-1.1490473279144007
479	-0.15865950998481068
480	-0.604404961910269
481	-0.5840605099805946
482	-0.08949113574953696
483	-0.5181963078576592
484	0.03675902613493354
485	1.20849135199969
486	0.25276825463798874
487	0.7122493627939471
488	-0.0009578461303358356
489	0.06014474770351393
490	0.30556894123753386
491	-0.25641817332583805
492	0.2303518391959619
493	0.02270520809909566
494	0.5047872812788501
495	0.7558983268487371
496	0.0848087320965153
497	0.5820520929721084
498	0.7205108632679058
499	0.9013599249224484
500	-0.534088033069154
501	-0.4861888479088799
502	0.09495914762771097
503	0.4105008825730148
504	-0.631634807603901
505	0.44938787491094406
506	0.1905209401873206
507	0.008996572758225544
508	-1.0315243422378741
509	-0.8174984453524918
510	-1.1687371898179948
511	0.3979962364660787
512	-0.24589957992220882
513	-0.8667055623076962
514	-0.3394982091453706
515	-1.315263215897544
516	-0.40411059101546726
517	-1.0695932994103787
518	-0.806829482992278
519	0.2834327757959382
520	-0.3282494833154243
521	-0.11340155404384433
522	0.2090137867824247
523	0.2256841795222922
524	0.5883739937743171
525	0.9722723707302805
526	-0.23837535804188761
527	-0.42145638360004345
528	-0.5783807897295896
529	-0.543506211753138
530	-0.1791341422018181
531	1.1455150761581117
532	-0.4239319377308401
533	0.4116602140366496
534	0.3666539836263099
535	-0.2741962416058932
536	0.39520973445964686
537	-0.30548273566095624
538	0.21920784106737395
539	0.33970763424143013
540	-0.02502105926441288
541	-0.11625125882358396
542	0.05152588721541299
543	0.5705518117880687
544	0.030060464034074884
545	0.7335458284889139
546	-0.12857208966851136
547	0.08983011789227481
548	0.18276263641822277
549	0.22716160556991016
550	-0.1089842201525539
551	-0.07372644312051023
552	-0.5853568457667605
553	-0.20355779417662134
554	0.4958939552081353
555	0.26248576344585944
556	0.34602066255913544
557	-0.38767361435320075
558	-0.30404823819117593
559	-0.33077939612482543
560	0.3725286052511557
561	-0.3720936921100323
562	-0.7108348262293199
563	-0.7628857625115874
564	0.342063019622914
565	0.47357867811874
566	-1.083945825430954
567	0.29407005933121366
568	0.24672650671498453
569	-0.3817458902210148
570	-0.7083622283323869
571	-0.012825494292310152
572	-0.4029223511822816
573	0.30782784272502395
574	0.11831312192463539
575	0.2988297277430002
576	-0.8119910374347465
577	0.12651942430072022
578	0.16638881467771166
579	-0.21173931000669965
580	0.748040235690358
581	-0.5011951534013267
582	0.004695514861612312
583	0.17069467808563504
584	7.517063039582259e-05
585	-0.22482780010823267
586	0.8846072760921458
587	0.8944292982181422
588	-0.25668304640545797
589	0.0019780012625705335
590	0.08054952197179537
591	-0.01764731958775861
592	-0.405821490856073
593	-0.18453871189870044
594	-0.9584567072423236
595	-0.7340981061825156
596	0.1618485307333109
597	0.9677841467317054
598	-0.8224168132493458
599	0.8035813366920884
600	1.1027964382775457
601	1.4614762007784057
602	0.35218121268552727
603	0.4741978097715469
604	1.0333258085449504
605	-0.18338030518493162
606	0.16763531735649653
607	0.14330899389164317
608	0.265036478921212
609	0.3614491235944649
610	-0.11255489975476697
611	-0.13915790887842525
612	0.2937438976938325
613	0.06008003662594321
614	0.7502854300490825
615	0.10602989631976054
616	-0.5586017325330027
617	0.5018068542558217
618	0.12520718982565002
619	0.22014085248571805
620	-0.4504076816223261
621	0.34806642094295237
622	0.31274694731708014
623	0.25677772818743805
624	0.6517740452788252
625	0.8258070471564529
626	0.8211408017872576
627	0.3206574970116595
628	0.286712338494507
629	-0.12025110537922444
630	0.20070231092271104
631	-0.02765112692288506
632	0.2792547333507974
633	0.6504008548128554
634	0.19734847626116803
635	0.008641076810898634
636	-0.2740584585660983
637	0.7170597916329978
638	-0.043818537435341705
639	-0.26697485496844636
640	0.1875871728405643
641	0.3012757231275054
642	0.02907822351373489
643	-0.36383678527136953
644	0.27564096375906627
645	0.009437552163679704
646	0.14775007858362127
647	0.25791364958931834
648	-0.3791859102353986
649	-0.07345541270493855
650	-0.3781849053217772
651	0.29532163495451297
652	-0.06139742855285071
653	0.04442909605254331
654	0.37443867148060017
655	0.625315712457536
656	0.5348484647659303
657	0.14132833796431504
658	0.19959940432503834
659	0.28647654776790965
660	0.3077810411760995
661	0.23592311517186554
662	0.3725912255463482
663	0.6752139906057539
664	0.4415587774812061
665	0.25082838080407605
666	0.6045826483972219
667	0.693372658149658
668	0.4971021542336059
669	0.559456694676826
670	1.1696122279057886
671	0.3671900552204119
672	0.1254119164703214
673	0.38166635786636055
674	0.5244583838291496
675	0.053724306209767515
676	0.41051479104848015
677	-0.2940189906986
678	0.11674477624807138
679	0.10313337788453505
680	0.3218124912608871
681	0.20195498465787265
682	0.12033562979328147
683	0.09909608925624017
684	-0.12099095840899995
685	-0.31266046432941397
686	-0.0260576862903121
687	0.4614042762831833
688	0.13893843531026553
689	-0.05141758554532062
690	0.32428239798246256
691	0.6144494448468446
692	0.03543320992209591
693	-0.01462374727951464
694	0.23806010382376702
695	0.8757519532681466
696	0.07121907603039031
697	0.11334105356113193
698	-0.023220366949891116
699	0.40593037411436433
700	-0.0041567066697903695
701	0.28431756931708113
702	-0.16608886669382658
703	-0.3167170070636226
704	0.14393917054551517
705	0.29761160270898573
706	-0.046643663881306106
707	0.45196587271742233
708	0.4145634808746871
709	0.8045495780021699
710	0.23965502493653215
711	0.03841452997037309
712	1.1156689744076305
713	0.39165725574404214
714	-0.32770521996718327
715	-0.23337328509282512
716	0.08641743929440564
717	0.39960717418649155
718	0.03251499485262286
719	0.6834474881609699
720	0.42637263013704085
721	0.46079332528243394
722	-0.6327413661817464
723	-0.6098379965074385
724	-0.5384879003429378
725	-0.19025195313519744
726	-0.6204864478899332
727	-0.11871541149605408
728	0.11799846744887911
729	-0.5495715622696563
730	0.9631346376764808
731	1.0342537142560344
732	0.6999478169804706
733	0.7720071578268082
734	0.6228918566519195
735	0.8171130603276101
736	0.4321240136961241
737	-0.22960274559268254
738	0.41866412564918004
739	-0.10014487469243588
740	-0.04285419356049929
741	0.09450125510430804
742	-0.06834833503326648
743	-0.06477326636997037
744	-0.13881929883891625
745	0.04324159946086521
746	-0.0452536335478241
747	-0.019112320457440237
748	-0.029376852165902034
749	-0.008588065425653102
750	-0.059567919900518886
751	0.030676083157721606
752	-0.018965045304588604
753	-0.05303628194686144
754	-0.019323955018257025
755	0.00975539130755356
756	0.044338597497369625
757	0.03235950497485789
758	0.0555400226370821
759	0.005829842717233425
760	-0.057167096716494614
761	0.008033870931880564
762	0.056902622684703294
763	-0.14355045431465216
764	0.08617079893439174
765	0.08816325822475425
766	0.07142614106559832
