2	-0.10083950208590792
3	-0.10554377620209762
4	-0.09117906040292387
5	-0.07066206343456786
6	0.00913937381716148
7	-0.07103528138271029
8	0.0012281748942827775
9	-0.022052469270372303
10	0.04817404112560049
11	-0.018755795394061404
12	0.0022580153526602273
13	-0.03270787082108468
14	-0.004768234286244075
15	-0.0458777694193094
16	0.004324411429624377
17	-0.027361935748462997
18	0.10978451238859163
19	0.015998709946491926
20	0.13520720308834192
21	0.0063401803928103935
22	-0.0401026621869036
23	-0.008803454673125412
24	-0.06762118880194029
25	-0.001168565476841191
26	-0.05686551804536238
27	-0.02218133200236093
28	-0.010076583263262346
29	0.013927301059751826
30	0.00834763228758828
31	-0.057109953334063775
32	0.03900164099381726
33	0.03489717326223123
34	-0.025136306065433354
35	0.027231114586088196
36	0.0010354703409915093
37	-0.01554458019604517
38	-0.01321307327196303
39	0.018374896511293752
40	0.06478798758829618
41	0.05608289037768647
42	0.03676552626372934
43	-0.007208381952784603
44	0.09119099750254835
45	0.1557060061361517
46	0.028183390917252416
47	-0.05922248888052694
48	-0.20759972432432058
49	0.18456605108438975
50	-0.06487052977707507
51	0.4031240379908186
52	0.2103414558294807
53	-0.14073477247361818
54	-0.05104270023894714
55	0.23477108553863446
56	-0.22606276279747345
57	0.11320381836792617
58	0.052929404397574056
59	0.10971930750732597
60	0.2555645946181858
61	-0.16918481476934635
62	0.020267160358305968
63	-0.10296366937878058
64	-0.24271306172045057
65	0.19817114615647197
66	0.0059639371091949975
67	0.36650081865851775
68	-0.34313381912578583
69	-0.1596273915209984
70	0.022857401363331656
71	0.48525718849720734
72	0.04745733009690658
73	-0.08461791226746088
74	-0.16566071821430384
75	0.06739964773842372
76	-0.06912454808200862
77	-0.18952589950378498
78	0.18586997155619694
79	-0.14906344814315514
80	-0.07656554784294917
81	-0.06699181634978378
82	-0.17385883437733227
83	0.0008096747463390963
84	-0.03368123959491619
85	0.13176156493405458
86	-0.055282953999107695
87	0.03709823704687693
88	0.5639492664232103
89	0.01778193527747414
90	-0.01190834282850688
91	0.015101393890997988
92	0.2406967703201166
93	-0.024209981741939102
94	0.025150188588261096
95	0.17451382580278338
96	0.3990736073356418
97	-0.009029546900178364
98	0.0324603622204221
99	-0.06495129356521659
100	-0.12535675209855085
101	0.004849453344805696
102	0.01910012964667891
103	0.006372958827117879
104	0.06886447065549207
105	0.021480328865445365
106	-0.04703258524006779
107	-0.0793242270983569
108	-0.034898846915368036
109	-0.11237231648230118
110	0.07361434558694097
111	-0.021719113918955528
112	-0.035871682921835756
113	0.0029638909494840277
114	0.03260505130915306
115	0.013614210283798037
116	0.02193172188879316
117	-0.030474121946403046
118	-0.01964049623311462
119	0.02536534918795706
120	0.028122021637769428
121	-0.0035330115074293797
122	-0.0018852478337304977
123	0.03130278114413266
124	0.08581778067695318
125	0.026563292591988218
126	0.05986754827125465
127	0.028088133311248837
128	0.011635728145046511
129	0.09521760674316412
130	0.04712117020469484
131	-0.055089768275248495
132	0.05514233295556999
133	-0.05860104201128921
134	0.053422597373119635
135	-0.08604443794740953
136	0.02142655881079584
137	-0.029467184366558558
138	-0.01611584117657886
139	0.07406163954078955
140	-0.01829332221739436
141	0.006327083347835583
142	0.014147482640728577
143	0.05035842562455294
144	-0.002310291134407736
145	0.017809186569327007
146	-0.02972007417140452
147	0.07259996527150338
148	-0.007908323838844206
149	0.04033215341514547
150	0.02190104616290436
151	0.17699447679041375
152	0.14999386564409536
153	0.08893843900648725
154	-0.011539290225462188
155	0.0882975534276837
156	-0.12079483210489143
157	-0.00492079374376765
158	-0.20559006453450726
159	-0.09526256552827973
160	-0.16956390917694386
161	-0.19595322349282007
162	0.27159166689203545
163	-0.017419996870377562
164	0.206872112027372
165	-0.010866008990981496
166	-0.1017513674970423
167	-0.11292966751698394
168	-0.09449452310938836
169	0.21419145122603467
170	0.19408977202747876
171	0.09668627379149658
172	-0.10030709063788949
173	-0.0020979981474346945
174	0.09222029188567876
175	-0.006422694123247164
176	0.1401190883259102
177	0.07610166796691475
178	0.16943500670377398
179	-0.04159302857291056
180	0.2268414116180692
181	0.2831060435791098
182	0.1469365220069276
183	0.09316193935256213
184	-0.17175294180252323
185	-0.49052008795374824
186	-0.15598638726888844
187	0.17729619184270218
188	-0.31148972575641554
189	-0.1837034199854972
190	-0.45773626998644684
191	-0.03856303239985811
192	-0.24424341123689197
193	-0.29735997522454005
194	-0.10049369414805781
195	-0.3143103607976117
196	0.004676733033356252
197	0.18250696441257153
198	0.044538545997256845
199	0.2557170593034628
200	-0.001426190776048279
201	0.17937520321445674
202	0.10887144052089431
203	0.015279251070164396
204	0.022174113033689144
205	0.1391456239942543
206	0.08613261978717007
207	0.2886120210589405
208	0.31980727006540693
209	0.033636994099395176
210	-0.2474423279075029
211	0.12370197644038945
212	-0.024992962155578967
213	0.35554941488121905
214	0.2225389879533138
215	0.3587578010705548
216	0.4951029942748421
217	0.48179113950719654
218	0.08270354102486323
219	-0.03393952774259926
220	0.27458482922787
221	0.010730789475357466
222	0.345327924579923
223	-0.016942016166132116
224	0.049098025449990194
225	-0.17955274888786588
226	-0.16482898273150065
227	-0.05110784926684061
228	-0.38847805579764616
229	-0.2285961893385122
230	-0.05992712410124071
231	-0.10919564473437476
232	0.16435362818360122
233	0.014698053961085611
234	-0.20543761964973875
235	1.3326313677522061
236	1.1093258528977088
237	0.5871109074827298
238	0.6893056132014233
239	1.2208807244812352
240	0.6775867419816015
241	1.3958813263911267
242	1.10523003383491
243	1.248186933999061
244	0.5764358624447873
245	1.1498752077670735
246	1.1141828279577688
247	1.3921900824627684
248	1.3137150195793892
249	1.4443055388191948
250	0.03679791962010811
251	1.4084609299019908
252	0.9201872181690081
253	1.0053972472245514
254	0.9412384410900067
255	1.1797939300300615
256	0.7143978293607481
257	0.6288045348413425
258	1.2283232618831346
259	1.0307319041713674
260	-0.4551202285089129
261	1.326762145239946
262	0.8492883450174898
263	0.7725845680437762
264	1.4232599532083563
265	0.6745539692583272
266	0.7699472570518988
267	0.4597248927484099
268	0.6888916893036455
270	0.40901612866306514
271	0.4989325548870179
272	1.3495840677859385
273	0.2651324686019114
274	0.04767317364195435
275	0.09995155303549745
276	0.6751976741169912
277	0.21312219772574578
278	0.184726712959873
279	-0.04077419064277339
280	0.4339245821314619
281	-0.28611057484296887
282	-0.27443789802117496
283	0.43043806622634245
284	0.3905255669604066
285	-0.060261188509641635
286	-0.23851128663239343
287	0.7559531188863478
288	-0.12252432017054027
289	-0.10885224146500017
290	0.04810365316453309
291	0.13429321673675074
292	0.037000069888690416
293	0.3194260093110715
294	0.05184748491917077
295	0.05970046878354065
296	-0.17621272990868705
297	0.05643440056030931
298	0.09253109056336928
299	0.06682638196511101
300	0.016544953874918843
301	-0.04525166385002876
302	-0.043985229854280314
303	-0.026219006784139423
304	0.026514469707604
305	-0.007866612679786313
306	0.07156725053135203
307	0.002230060290187418
308	-0.02228336366384559
309	0.0176887700560574
310	-0.015759341298240043
311	-0.010097127203345766
312	-0.024280572572365107
313	-0.018391559267730267
314	-0.01890639497802479
315	0.024945598627904835
316	-0.012531714257653492
317	0.013712860590943822
318	-0.01688889117638986
319	-0.019522727174682973
320	-0.03976663475634977
321	0.018832149090795756
322	-0.003253188108943454
323	-0.02952151096506269
324	-0.011589651221853103
325	0.0481579965117832
326	-0.010295324521252494
327	0.029856466396870163
328	-0.023396432905585223
329	0.01602905050442269
330	0.011138984484638039
331	0.01763528569825513
332	-0.023710671154593865
333	-0.12905007036471036
334	-0.05512853783789704
335	-0.08883180613607544
336	0.07288676702752042
337	0.043722464675982974
338	0.06464388157377102
339	0.008696289319841633
340	0.08935341373303102
341	-0.004682922012388013
342	0.11566079166995183
343	0.03662487469024068
344	0.017853662785956046
345	0.08484262655559058
346	-0.07564791674285222
347	0.193671815627107
348	0.0061678854156131365
349	-0.007191295267794837
350	-0.19242689096285773
351	-0.23912784011376925
352	-0.17427567911547964
353	-0.002615530798117835
354	0.2047774462177982
355	-0.14288340620802928
356	-0.04953537826494465
357	0.2163784528091501
358	-0.2716832121084401
359	-0.10429991924786855
360	0.665256158341245
361	0.2122961681751398
362	0.6137584034261364
363	1.127199302468564
364	0.4085439206105651
365	1.3697403013177243
366	1.0722536395631954
367	1.3154650246797484
368	1.2448441355854571
369	0.7182727244813116
370	0.365697646145662
371	0.7592813748827666
372	-0.026607338023434055
373	0.04671196404969459
374	-0.03936202904437122
375	-0.004832331136942502
376	-0.02890110770734392
377	-0.2273133292745944
378	-0.08771215826111801
379	-0.25115837256391277
380	-0.036849626603726836
381	-0.17415941542509825
382	-0.247446458261175
383	-0.13545865315181904
384	-0.03535752041692378
385	-0.012961689711061524
386	0.0958214284582686
387	-0.012724398759359502
388	-0.025738741552723005
389	0.048303955169749196
390	-0.016326855408211185
391	0.00403158941032401
392	-0.005241697509056438
393	0.03585717043954373
394	0.03347426171402508
395	-0.021652415985611444
396	-0.03069774475728707
397	-0.0030753519298975704
398	0.03671416082452167
399	0.032630170441848357
400	0.06083333606838898
401	0.05362262212733106
402	0.09690190557595608
403	-0.03217863084439681
404	0.054254760265088124
405	0.06383386967700298
406	0.02890305125229035
407	0.047055231355276186
408	0.021619823651230927
409	0.09361989380432262
410	-0.0008549245361399667
411	0.07793566503336512
412	0.1584739646202379
413	0.0328278312621477
414	0.01958216768169656
415	0.02898932773446311
416	-0.003977561765583428
417	0.048138288232198234
418	0.011343908599240206
419	0.042338154215112105
420	0.034577092380732595
421	0.05774723866509863
422	-0.011536696660054135
423	-0.019295551882469626
424	-0.0840202381989881
425	0.019330303255901297
