2	0.017013461919966357
3	0.0839961455620153
4	-0.04128195237040307
5	-0.0009244729473144935
6	-0.005626670970262673
7	-0.026722205111372823
8	0.013102602642606133
9	0.13799459944518672
10	-0.040117420700759514
11	0.0842074163332714
12	-0.04177361531957392
13	0.009610373394572939
14	0.022626160686699467
15	0.1432391267978212
16	-0.05717950134537551
17	-0.026404153776370686
18	0.0413677378520393
19	0.019974201362137914
20	0.05326524157253931
21	0.09739251148668349
22	0.04871886548045317
23	0.09886405105129281
24	0.027549517634296312
25	-0.04573952735098169
26	0.004594727028946539
27	-0.017397549217336092
28	-0.0008331708215610861
29	-0.006955570450715775
30	-0.03345897388300793
31	-0.05187387065593021
32	0.042151262457184514
33	0.017022797082753328
34	0.052050964592058574
35	-0.021008085562581318
36	-0.012763320926195042
37	-0.02779585017236951
38	0.05611061131077473
39	-0.020561596277611498
40	-0.011620179354978104
41	-0.05933150323629003
42	0.023186344796192932
43	0.07887382463759947
44	-0.08101384730928564
45	0.021859806539218367
46	0.043072796400595574
47	-0.023155990100486808
48	0.044976640033699555
49	-0.018839035502369747
50	-0.01954166474326006
51	-0.04134909620067921
52	-0.08191570294418608
53	0.015443546421516872
54	0.013126140451927514
55	-0.054604744127994174
56	0.07353032416159788
57	-0.011325929538800968
58	-0.012558308678616497
59	-0.03199990506479621
60	-0.0341343904586268
61	0.1718714713403011
62	0.02121033817801882
63	0.04591999493626723
64	0.070934066691072
65	-0.052807523301662974
66	0.047250745686533674
67	-0.051148337953904284
68	0.040364389736797804
69	-0.04207527026400417
70	-0.03185082549956626
71	0.08789354740222434
72	-0.09408047718318129
73	-0.007114032289394389
74	0.002211710846112442
75	-0.02853613707414231
76	-0.02522884166333004
77	0.03753657326011077
78	0.01048511202263422
79	-0.020739213063778086
80	-0.0395195515784616
81	0.0714283105495253
82	0.07887917726892048
83	-0.03199347437605556
84	0.004641154131165952
85	-0.04969060537320371
86	0.042612738514215695
87	-0.04013790809415836
88	-0.08070553655879618
89	0.026857505942718116
90	0.05180078758464363
91	-0.028409019876678748
92	-0.01991937181021649
93	-0.01949133476279242
94	-0.00031095411418013405
95	-0.06155146939998985
96	0.1052583118212688
97	-0.028736128243218622
98	-0.0007180626659534318
99	-0.017814153750947324
100	-0.09037291145470926
101	-0.02159009717635052
102	-0.04508530207000435
103	-0.024553614267012462
104	-0.14514576800851156
105	-0.011057069435146158
106	-0.016519789920680285
107	-0.025650032000267355
108	0.005069839020988385
109	-0.0072460266603651706
110	0.047101358818783905
111	-0.006576670939009626
112	0.0254762433959342
113	0.037129487565124825
114	-0.026754947627879663
115	0.014191197208586935
116	-0.02399270249279693
117	0.012322569695012655
118	0.037424601394132916
119	-0.014655843502795316
120	-0.052113194896021925
121	0.017567879229836977
122	0.024586772428591287
123	-0.01590947555096457
124	-0.03509747373420057
125	-0.0194551726685892
126	-0.03760109826795287
127	0.039441743293519696
128	0.01786273692196226
129	-0.05133287883009609
130	0.08470392753271166
131	0.007266400449268633
132	-0.04763007517179699
133	-0.0494765442236748
134	0.029770114751154993
135	-0.015088223358750878
136	0.025864193327531995
137	-0.04729341254316263
138	-0.005183426172492841
139	0.014974454447679017
140	0.03943041597910165
141	-0.03185687877843908
142	0.004757194354217903
143	-0.004314834447858038
144	0.03727538936493323
145	0.014333387656571148
146	-0.03511915191973749
147	-0.023779952760932508
148	-0.04786802588118628
149	0.009466072609107076
150	-0.027490300644644375
151	-0.006434697183219015
152	0.04797768912891812
153	0.01049619855424298
154	-0.07957805953735463
155	0.06146650013111777
156	0.012506524522080216
157	0.020590238864178878
158	0.03925077595521155
159	-0.06341266021412546
160	-0.005054437845245776
161	0.04266402634461949
162	0.06914597479138627
163	0.037857150902998016
164	-0.011378787603272855
165	0.1014306990465238
166	0.058283256485216456
167	0.057341450527521154
168	0.09461612458422623
169	-0.04731168803329367
170	0.031236189036933124
171	-0.012951857081842074
172	0.03472199582182471
173	0.0012975252241908633
174	0.03665872746057936
175	0.03456652886900072
176	0.046187140409507964
177	0.008911889067536708
178	0.025232936561332013
179	0.1813990485997714
180	-0.03251307998058925
181	0.062424008758461734
182	0.08977485614056929
183	0.062499313155603003
184	0.08812205855369272
185	0.12574874080562265
186	0.0583000917902993
187	0.024416520398151335
188	0.07297089177220774
189	0.04553792609123395
190	0.06988327389254215
191	-0.0473042947698419
192	0.13715442341829334
193	0.09685550108511243
194	0.032664070382401614
195	0.15491063091436386
196	-0.03133278822050692
197	-0.033899447682787055
198	-0.01961789918619118
199	-0.03168082357718482
200	-0.012522010455786487
201	0.005440389746732233
202	-0.005369435279533123
203	0.016039321828505232
204	0.10911940302806597
205	-0.07550583696177947
206	-0.02685887169967472
207	0.09034486662785214
208	0.11048028038386673
209	-0.011241127684654597
210	0.1323320420592959
211	-0.020599658526368598
212	0.03070452227820839
213	0.025488798191237044
214	0.06839130813881363
215	-0.0017709157255530819
216	0.04877829531759072
217	-0.03142236927870194
218	0.020860573365709793
219	-0.0006063510990984921
220	0.11327884091613463
221	-0.02452447971395024
222	0.02047885321932576
223	-0.02696543943497316
224	0.07408256052759928
225	0.11354452673596728
226	0.027655853694278663
227	0.001096545213675656
228	0.10786306680336831
229	-0.06798709957058159
230	-0.02592839592139542
231	0.1697254024628417
232	-0.0823927111113637
233	0.0012035867826632675
234	0.07161825261883821
235	-0.3004240252770318
236	0.01035541404006383
237	-0.019010660980814876
238	-0.010362857940634292
239	0.05945215713825439
240	0.09591191791493016
241	-0.03243420896862076
242	-0.06025789220957181
243	-0.005879295156712311
244	-0.06318055240010394
245	0.00021646100522965933
246	-0.07921203073795272
247	-0.14718189079438543
248	-0.3113418737249768
249	-0.20568105693624597
250	0.01583584495245225
251	-0.45798995827687067
252	-0.030255258539854068
253	-0.07329426599863001
254	-0.015161840413491653
255	-0.1841861713435413
256	0.0994590222317185
257	0.02147564566280094
258	-0.2525514863743159
259	0.05670094149181476
260	0.0649272769790779
261	-0.38419700400941953
262	-0.01938605293489557
263	-0.0028353742002560694
264	-0.3530531136176492
265	-0.04222622956198859
266	0.005765422832588408
267	0.07631379598885184
268	0.008229164134615868
270	-0.039053773154737174
271	0.05794311790060092
272	-0.25981077112462597
273	-0.0004537252744564947
274	-0.012296567835412501
275	0.0332231187549851
276	0.02085175536826364
277	0.02849881580258809
278	0.026440975235973586
279	0.061219971491251225
280	0.014501971497406618
281	-0.0069623055584878465
282	0.024279208574409912
283	-0.03939666929308988
284	0.013971287289992512
285	0.02446489572845146
286	0.0037100793146338856
287	-0.021381728040781537
288	0.03552784792674724
289	-0.04394197225926426
290	-0.006499478706395907
291	-0.030723563077307905
292	-0.04257902235240059
293	-0.11430770596849048
294	0.059976140457466603
295	-0.006174713381285295
296	0.033017017395632745
297	0.0002788290831193284
298	-0.0004863690653636692
299	-0.06064823404104757
300	0.0678618656943403
301	0.053039413221147
302	-0.02450550524622454
303	-0.058327991120912935
304	0.025631705847648185
305	0.015077652403426687
306	0.045948154350455524
307	0.0011270334629183442
308	-0.04147249257700978
309	-0.01794769736172802
310	0.011397179260933943
311	0.0017754948986723816
312	-0.013588764735144494
313	0.021258312091746154
314	-0.013235172029300824
315	-0.030772276552677953
316	-0.04306627593558849
317	0.017828802278541514
318	-0.03264827008002517
319	0.18064853377060858
320	0.021470489373332867
321	-0.043105270389524365
322	-0.010294736609557742
323	0.009907713219210489
324	0.08157023284896744
325	0.0015931947519308646
326	0.01752472983986053
327	0.008814543342303244
328	0.029591135785950875
329	0.03866760730613273
330	0.017215572771927725
331	0.06635849634811877
332	-0.0087266127982672
333	-0.03966583144328404
334	0.031175486058924184
335	-0.061285492600166316
336	-0.008739027749350883
337	-0.026084133927795405
338	0.03676474793019032
339	-0.001007743867625775
340	-0.038375924694265096
341	-0.05568699990789641
342	0.08452511255929004
343	0.036227290066569974
344	0.014470531231377037
345	0.008234279984439015
346	0.025328015111427758
347	-0.02853567038179422
348	-0.004023528957415249
349	0.07878519782388561
350	-0.017655559764953286
351	0.04418943067955546
352	0.01490426071820862
353	0.019649121385105262
354	-0.030904274576392957
355	0.004755071775600864
356	0.007845031312799788
357	-0.022485159955648405
358	0.050807182139852546
359	0.049520655376771756
360	-0.029289799365451754
361	0.030786044360001694
362	-0.03790209390385115
363	-0.04760729771308776
364	0.013154310259116399
365	-0.08555728075329214
366	-0.057596089328885075
367	-0.10050754200350386
368	-0.07229314586337221
369	-0.058888939085697936
370	-0.015234827948272028
371	-0.0731879158357869
372	-0.024787615251514395
373	-0.021937497094563222
374	0.15062038779497816
375	0.06856209654858522
376	-0.0008898290693723391
377	0.041696833184944736
378	0.002962247516050855
379	0.07769101789524616
380	0.037067006815461385
381	0.02138626797624224
382	0.021836799362348558
383	0.016021380851472856
384	-0.015536680638497672
385	-0.05001045123966304
386	-0.022249038279823517
387	-0.01219856426807161
388	0.008070340150241885
389	0.012848892578176771
390	-0.07407573820874447
391	-0.07802350088402785
392	-0.005429477823098795
393	-0.019399077789376055
394	-0.05470579966161306
395	0.054707548475763326
396	-0.04307361913895839
397	0.0318598120068659
398	0.04343242008828644
399	-0.0018616689682466622
400	0.041434479629701135
401	-0.0012421536209042193
402	0.012897597141162318
403	-0.032827344327579076
404	-0.05453962616794666
405	0.0008394017737189638
406	0.11061191454011243
407	0.01602490242809523
408	0.1514811866088544
409	-0.01736859653050857
410	0.015009536683149992
411	0.01488103576616908
412	0.01780525375941284
413	-0.01691790017225777
414	0.03289739019820352
415	0.03630255779893667
416	0.027361516640375273
417	-0.01144639818069253
418	0.006251396206180601
419	-0.022901989415640485
420	-0.03387187745249059
421	0.02204506212139966
422	-0.08330714238636075
423	0.00018519341145043514
424	0.01750400184000535
425	0.002687244664914398
