2	-0.029211827554057893
3	0.02159085212161706
4	-0.008816049829373515
5	-0.048982149734148
6	-0.0009745672544762877
7	-0.0030804381461191424
8	0.012688153963580154
9	-0.006078550701500138
10	-0.0324131284275218
11	0.0360839272862089
12	-0.04601053098245831
13	-0.005464360259217017
14	-0.019512792633461583
15	0.03592719459763341
16	-0.0304648713185066
17	-0.01566790772881809
18	0.04772786635340168
19	0.048761341641107396
20	0.0207853914016974
21	0.06874527252326688
22	0.056046335135396065
23	0.03647019867301265
24	0.008190917549556883
25	0.002363528152705344
26	0.010026710812154211
27	-0.044684561360120084
28	-0.02624039262168356
29	-0.02622910898616987
30	-0.03650244666839499
31	0.021881588888054092
32	0.006630455258994557
33	-0.015065224141602628
34	-0.01289550166677888
35	0.007652540186054405
36	-0.011511550457104534
37	-0.02795849268207531
38	-0.0012614599498593328
39	-0.026032460288314796
40	-0.04112915652117585
41	-0.058917449590946816
42	0.03052620324030439
43	0.05772337055197141
44	-0.07948229626640882
45	0.00917949835461073
46	0.0072108821259966325
47	-0.037871712044796994
48	0.001645143368966719
49	-0.0006641523973332539
50	0.006059115485852688
51	-0.09814768604040587
52	-0.08252669907725566
53	-0.04139626067096246
54	0.01257788169979672
55	-0.017021246199004785
56	0.08063802552337897
57	-0.004046898698814744
58	-0.02263502370761297
59	0.006381716945693092
60	-0.054573958542047066
61	0.13130928845947917
62	0.017464461517372444
63	0.018080268298510133
64	0.0611199087555775
65	-0.03622666382595242
66	-0.012750676619450165
67	-0.0963617218671732
68	-0.027618560412224248
69	-0.048251477628422114
70	0.04056362356224272
71	-0.017942006581915537
72	-0.05167687468651507
73	-0.006865351813790703
74	0.011038142265847291
75	-0.016637173208374833
76	0.05006025533477078
77	0.01973039159833864
78	-0.01005790435180658
79	-0.04012632113453593
80	0.022267499452917262
81	0.0271776315986647
82	0.13356526503909238
83	-0.010348208338982326
84	0.008053283002578508
85	0.010686347968744311
86	0.015473253523959275
87	-0.019462508924684388
88	-0.13035961832213247
89	0.02946991997237099
90	0.055969096665200724
91	-0.014564278155830397
92	0.0021782565089966776
93	-0.024400052070012397
94	-0.0002569877343000777
95	-0.014134377509190436
96	0.000683308916461489
97	-0.029735615750484088
98	0.003606895683567412
99	0.007223980717401137
100	-0.030505234556201393
101	0.006269959233822675
102	-0.04264327755472234
103	-0.0052872207568672985
104	-0.013997435778315274
105	0.026373172816542674
106	0.009838373118021758
107	-0.007680419161959104
108	0.022377364519210595
109	0.01383766880222006
110	0.01451990003432609
111	-0.04490004415019311
112	-0.011397474371172568
113	0.04251695581560697
114	-0.07181086773614771
115	0.04415996314981369
116	-0.022125389139878646
117	-0.017580801551673526
118	0.06234414662133731
119	0.01030745149438897
120	0.01213837924187861
121	0.0019339124864258743
122	0.0024386368457193163
123	0.027884672691918796
124	-0.03091358558315056
125	0.005894284079976854
126	-0.022303425607584883
127	0.03380227048544997
128	-0.011060546502802106
129	-0.04731844069774436
130	0.032541202492397364
131	-0.008061451981598683
132	-0.03391796474574802
133	-0.047040360186317055
134	0.005260835265497883
135	-0.04440206117990703
136	0.0009538041647502549
137	-0.05587605440374893
138	-0.005147154290738146
139	-0.0006786169079542636
140	0.042380750350855444
141	-0.027724864408735245
142	-0.025519342693127448
143	-0.010621983182980677
144	0.011584509987454942
145	0.008225943761873496
146	-0.015100331356579181
147	-0.03089021619839863
148	-0.006182144087871769
149	0.040146924951765174
150	-0.003687027675235583
151	0.0023933564373697135
152	0.02175653362230389
153	-0.016812850287059
154	-0.03757979103269034
155	0.08697696987868693
156	0.006316759289456029
157	0.00965057802259474
158	0.026968659336088056
159	0.08741814898367145
160	0.07344171227666267
161	-0.005207440496499455
162	-0.01242934920769474
163	-0.01277292795417491
164	-0.014085497062025467
165	-0.013600486747589279
166	0.021846162512682638
167	0.0040656390530919625
168	0.07845286236467437
169	-0.06283124644687675
170	-0.050346087087507124
171	-0.018220297558569517
172	0.09270220058641133
173	-0.008549375659045328
174	-0.02598986363617609
175	0.004216494542257542
176	0.03756423508169394
177	-0.03406931595563437
178	0.04412342263927721
179	0.11815337873815114
180	-0.0180215132087514
181	-0.019647080860049248
182	0.08062088178948239
183	0.06149937310157762
184	0.056269809338591534
185	0.10070435288909617
186	0.07871047014079982
187	0.018557360049090546
188	0.058705812949317225
189	0.026417457449223736
190	0.08202211431679161
191	-0.04939799154367806
192	0.04465205362224389
193	0.11602029423069754
194	0.09095135110392805
195	0.17876201306826026
196	-0.03391427926247291
197	-0.06614213138977644
198	-0.014024729610587209
199	-0.04191174976877668
200	-0.032300949299055755
201	0.020817795998353178
202	-0.0663791709765362
203	0.03614061111304726
204	0.06930266464201139
205	-0.06083898503369197
206	-0.028773720108007477
207	-0.00048062920362520074
208	0.04100278586711671
209	-0.007103237832766662
210	0.07494083675466247
211	0.01149218223087116
212	0.022644944406772873
213	-0.0014693272177047335
214	-0.004236367931578027
215	-0.041484338826996495
216	-0.0026361913217455256
217	-0.05775251098857305
218	0.015061356800083046
219	0.014631198800403306
220	-0.036165608690627495
221	-0.027301139980132495
222	-0.02466979029092588
223	-0.0398041228361843
224	-0.021724194883361827
225	0.06784555467303928
226	0.022507237903453804
227	0.03339736081246067
228	0.054893444237782314
229	-0.03267892709818662
230	0.026612324069859583
231	0.1747283340482184
232	-0.03600384475418077
233	0.006925917252377681
234	0.05263155247842981
235	-0.44959312173588406
236	-0.041479441626148056
237	-0.013843710940248225
238	-0.05969917383845717
239	-0.06892981778881435
240	0.02103342918086862
241	-0.12417647405337548
242	-0.16698419256681343
243	-0.005815178938537983
244	-0.09955849941778774
245	-0.0516245438159436
246	-0.1195991460367624
247	-0.24676392193515712
248	-0.5224302176415007
249	-0.3171291135925895
250	0.0556723009725215
251	-0.5916129999983659
252	-0.0880293496451885
253	-0.08915079259451957
254	0.02629941535861843
255	-0.26502710073218105
256	0.08961114733075835
257	0.0020901781297291175
258	-0.32906159928211737
259	-0.023567061208633548
260	0.060518037728908514
261	-0.5872061850985615
262	-0.06825717993882811
263	-0.075623643679009
264	-0.5028195418696356
265	-0.029960137438183432
266	-0.021514597219502253
267	0.020659854494639144
268	-0.050570538040569095
270	-0.04791229259235027
271	0.00940098125107052
272	-0.3274775474135794
273	0.029500837991176112
274	0.0011760349826850638
275	-0.03835112274497961
276	-0.001969009277300703
277	0.10167746907817521
278	0.023073513030049123
279	0.05961633978718794
280	-0.10068753540281636
281	-0.011931495990837942
282	0.012026904007220948
283	-0.04587149698675548
284	-0.028556622229349165
285	0.0112265095759467
286	-0.036857794298003184
287	-0.10758440943435868
288	0.011334679473357626
289	-0.006187963057442268
290	0.01469739640604783
291	-0.034494607303089654
292	-0.030194854557534928
293	-0.11815346232300905
294	0.052512718691669576
295	-0.018448336511785315
296	-0.006410540811018298
297	-0.04451289666926254
298	-0.04033493320666582
299	-0.007442489290563373
300	0.023001239718474658
301	0.052368293835156156
302	-0.006642329466663689
303	-0.06759332465958932
304	0.02045463720683585
305	-0.003279403728060937
306	-0.016948934359782144
307	-0.012684453560847743
308	-0.012026145849589474
309	-0.0077650244104076754
310	0.017037857218431905
311	0.005873171041033883
312	-0.008778424360835852
313	0.011861447643899316
314	-0.037389308435919144
315	-0.002720846550751316
316	-0.01636035420804488
317	0.028069308167636448
318	-0.012361812986013805
319	0.12666025676565093
320	-0.014724313196238502
321	-0.042712560332151886
322	-0.012538007389835003
323	-0.026513963521994772
324	0.022322102806464943
325	0.020938868011068507
326	-0.05116671155879158
327	0.004435030887145683
328	0.04111518976640607
329	0.08567786765968875
330	-0.003664771928957987
331	0.0005193318855141142
332	-0.02758245741890277
333	-0.019324948966214287
334	-0.010133688913906438
335	-0.12417345136149334
336	-0.024262910323168903
337	-0.037716331362264835
338	0.06320946282106077
339	0.04133967527595761
340	-0.040618388367345
341	-0.032501170878879666
342	-0.013404070698522983
343	-0.04187763374835482
344	-0.008779094755320885
345	0.024762769573560908
346	-0.0005550880517629682
347	-0.07089784727388002
348	-0.005600551099312102
349	0.01655951133634528
350	-0.018738477299945166
351	0.006849877233987535
352	-0.028301136222789007
353	0.04918225089153673
354	-0.029477386069807234
355	-0.03348345990376673
356	0.01736503881087181
357	-0.017921232225041554
358	0.0019518952593868962
359	0.004312821670582069
360	-0.059235193446350115
361	-0.014971524128345636
362	-0.030208434456895
363	-0.11373587212540524
364	0.021234147211784918
365	-0.09671418465300072
366	-0.12243834604143786
367	-0.15188445939055414
368	-0.1182964951087695
369	-0.07072510159839328
370	0.019932893356847572
371	-0.052582229822883096
372	0.009860595927704482
373	-0.07048037853979364
374	0.10669639926370957
375	0.046191537230500845
376	-0.042030689242103875
377	0.05737570404097735
378	0.024776278069049664
379	0.0682467220587353
380	0.04259273114936413
381	0.05323380248499922
382	-0.013924153201937899
383	0.01422413579481159
384	-0.06620540917245449
385	-0.06311523346074553
386	0.023474008122457996
387	0.006635629120202615
388	0.029322631274059856
389	-0.0005459651476015373
390	-0.0443877266986585
391	-0.05903691165725346
392	-0.01501409047621156
393	-0.015309942235201589
394	0.00632623649901306
395	0.034900766154473524
396	-0.01687854715115295
397	-0.040210639115418445
398	0.005435385172656892
399	0.043212449132859494
400	-0.04082164449477998
401	0.003364525623924502
402	0.01912090070242924
403	-0.0681301883394696
404	0.004960579172116934
405	-0.0005718250916223475
406	0.03937332430660753
407	0.08628362787553091
408	0.1875352815409886
409	0.006921961045520058
410	0.01007591240846697
411	-0.0009672242303130527
412	0.015741051905301288
413	-0.020736740804208006
414	0.01030807112408702
415	-0.011447597680199607
416	0.012205643273419529
417	-0.03417639511230157
418	-0.011543383051767771
419	-0.012430139134807474
420	-0.029166339542763747
421	-0.027122943057473363
422	-0.04229675786351688
423	0.03599539182154576
424	-0.01824488627278454
425	0.02554248281172532
