427	0.006771637489149391
428	-0.023492899613741243
429	0.019186890253006017
430	0.0067910070175856065
431	0.010704398337282633
432	0.008946925595794717
433	0.0326484376173676
434	0.000941159974306123
435	-0.002746332393511527
436	0.0161983229299628
437	0.018246798376601897
438	-0.02827910134722965
439	0.0811654894148931
440	0.011059826070638474
441	-0.05844531549435581
442	0.08169150079331482
443	-0.243966176034627
444	0.04023210150597534
445	-0.18728148374736908
446	-0.35579792340304783
447	0.1521875843914456
448	-0.08022173766341865
449	0.013495258497507844
450	-0.6810391277701635
451	0.37402979425970356
452	-0.6649711807096729
453	-0.023417840964998007
454	0.10322361873530614
455	-0.3439408648893801
456	-0.23924920876038683
457	-0.17515720632163276
458	0.09256562228962749
459	0.08902433243094297
460	0.12794012213544873
461	0.016499305848389444
462	0.3506718257920381
463	0.6836794558091145
464	1.6040020380877595
465	0.2958620685613604
466	0.27227178526342033
467	1.022766032197811
468	1.5829188839001522
469	1.3464450128963639
470	1.26990042016881
471	0.5599037924041675
472	0.7619835538779758
473	-0.08805985499464408
474	0.23824494700624824
475	-0.3715168951531751
476	-0.7307868423243303
477	-0.575823955402477
478	-0.543932326004267
479	-0.06349494747999056
480	-0.4722574068864836
481	0.005671273251711624
482	-0.16660817839518224
483	0.1692321748763395
484	0.049965480709219204
485	1.7359482293782313
486	0.2647526278783189
487	0.913094071927129
488	0.00031504879826834396
489	0.07767068523887774
490	0.05980105671106585
491	-0.1671388733850125
492	0.13599877871150384
493	-0.027691861595900816
494	0.11262328224340674
495	0.8563465140969496
496	-0.027899195481409657
497	0.426872567339773
498	1.0209391046793328
499	1.3063797022187025
500	-0.4286590309042565
501	0.14223912404555122
502	0.5537494444374718
503	0.5830405514382873
504	-0.3942084931834465
505	0.9945834609492674
506	0.26005707173259895
507	0.15375530075085644
508	-0.5746639839229368
509	-0.624569645313732
510	-0.7337502573181625
511	0.250531661181015
512	-0.304969093804193
513	-0.5985499802762108
514	0.28315691749384336
515	-0.7010844875744076
516	-0.04113785636826942
517	-0.6328540303505621
518	-0.597943583008861
519	0.5826870415397029
520	-0.30223484306394194
521	-0.1282037736407602
522	0.024391869500967132
523	0.03545617423856579
524	0.41038006441461905
525	1.47824852155072
526	-0.21687507118849167
527	0.047136977753704845
528	-0.4409585638184819
529	0.08598327262199862
530	-0.2650607813081219
531	1.8825422667191432
532	0.05629875061320646
533	0.1799640363600828
534	0.9414709643896291
535	0.008032941790867425
536	0.2523590317733244
537	-0.37846082849051865
538	-0.050572294115459056
539	0.08858089836628268
540	-0.13017043146632382
541	-0.0643346415158978
542	-0.051191884208477985
543	0.12292396867036984
544	-0.013844645070661356
545	0.11666103881957807
546	-0.11024512177511485
547	0.003763298520480378
548	0.030719516591661666
549	-0.060815786601495454
550	-0.1449984403795743
551	-0.08358380417750708
552	-0.467133126477716
553	-0.11680038157962418
554	0.19722215793681822
555	-0.24735494577976475
556	0.00608562670987536
557	-0.24852100325190837
558	-0.2499413172114074
559	-0.29620791580847283
560	0.48716180889048
561	-0.3987115541284572
562	-0.5062571292400048
563	-0.5239499584956647
564	0.7305761948438881
565	0.41235647595966385
566	-0.6361029028943108
567	0.6095935978094568
568	0.17671684916389782
569	-0.4949671899204488
570	-0.5933783886270344
571	0.002349375727657049
572	0.3188839500061379
573	0.271395036569143
574	0.7161860109821474
575	0.2946274465595991
576	-0.4300268294421872
577	0.27590176175232006
578	-0.042029192387359283
579	-0.4004858671370841
580	0.55015838913562
581	0.6001036144150743
582	-0.18214725413403426
583	0.7872894071978173
584	0.19440669403138464
585	-0.3918446891910587
586	0.7019857696256614
587	0.21731291326290048
588	-0.14240864546552204
589	-0.06761108488949258
590	0.1768846972518154
591	-0.11844757195048246
592	-0.12798825552165297
593	0.5116732004722946
594	-0.14367966516916642
595	-0.1441082630679339
596	0.714881238194915
597	1.6641128575335336
598	-0.44686981026151756
599	1.3433930161237597
600	1.8896391165823827
601	1.992098083819499
602	0.16551285679376165
603	0.3995675625548748
604	1.1159168760260791
605	-0.14248342232641664
606	0.06246168759060207
607	0.04093655450966896
608	0.09395166344684297
609	0.168142525740657
610	-0.12139249751372032
611	0.017605165060525917
612	0.1331611932586369
613	-0.019659596372956663
614	0.4426073298953108
615	-0.05584028869457372
616	-0.2431756187619817
617	0.048244728892871826
618	-0.005188770868890704
619	0.17256888916618507
620	-0.23926424342041203
621	0.1232719055912349
622	0.033107262602011835
623	0.09511355026007444
624	0.23455128023257604
625	0.11417011741536717
626	0.1805051185397136
627	0.07037053987231852
628	0.06387308278660685
629	-0.06836031666344772
630	0.03360891619747679
631	-0.0896183016683649
632	0.08049912541311555
633	0.44428160946263345
634	-0.008150873724284712
635	-0.05144688072194145
636	-0.13826543796124718
637	0.39625925695371367
638	0.35791765832581296
639	-0.39141506976648877
640	0.05985982672453724
641	0.08373445916312965
642	0.008172453501478725
643	-0.4670934871417996
644	-0.058672944955229255
645	-0.009455925991575213
646	0.014406408815762176
647	0.03933258604161639
648	-0.4897614569581059
649	-0.04949633072642276
650	-0.21395388500603899
651	0.013977317500867916
652	-0.04172843087707097
653	-0.023640250179990573
654	0.1159199687022598
655	-0.006306741631913678
656	-0.005136871939826652
657	-0.0004318821427707853
658	0.05553805262565903
659	0.040312123758275725
660	0.05313968620338921
661	0.05622008433766401
662	-0.04411037083052692
663	0.2123551780129804
664	0.003725408457323134
665	-0.11506123462948267
666	0.056170962011478066
667	-0.016438209009653874
668	0.0668284401387986
669	-0.008817487987138823
670	0.05429223575058773
671	0.07522595460986038
672	0.011879467512076079
673	0.13088326848049212
674	0.06605163700771627
675	0.025477212429614367
676	-0.018717892612351527
677	-0.16531511593032489
678	0.020184229708503018
679	0.015100725231536095
680	0.07983844941849635
681	0.1030804227164827
682	0.0331965117682704
683	-0.011599563251942243
684	-0.03552727427882791
685	-0.22254015143760975
686	-0.09602599457763764
687	0.015944533271702595
688	0.08173613570202885
689	-0.0473814588669244
690	0.06560559138351728
691	0.3735311130869984
692	-0.016326317500912273
693	-0.020423498411238212
694	0.010408191803429737
695	0.339603487957997
696	-0.03377188615252269
697	-0.04143074953525396
698	0.04199615571613907
699	0.17920227370710481
700	-0.01856105720933972
701	0.12270238929187764
702	-0.04575332545102162
703	-0.19834025833034827
704	-0.0716286752404716
705	0.10092356879990733
706	-0.14349890908942872
707	0.2820937235890029
708	0.3100924375012583
709	0.6279150518063381
710	-0.007240448051039244
711	-0.14721564775838336
712	0.9253956394261633
713	0.1867073708101148
714	-0.3938318283281257
715	-0.3453758420992469
716	0.04984630658547156
717	-0.10004055946263618
718	-0.17985933004091076
719	0.27381186693109966
720	0.34127252758150256
721	0.2365684992480208
722	-0.5580025207269
723	-0.40969902186625745
724	-0.4695164916379307
725	-0.08553018550701785
726	-0.6061238321915542
727	-0.33480397430335396
728	0.00895608787685241
729	-0.6688931666456704
730	0.6075149588905703
731	0.7037499788888999
732	0.42903903269887605
733	0.449421785076057
734	0.3738263203986934
735	0.33873757114446823
736	0.2620832985955832
737	-0.11547545735061006
738	0.15876175064876524
739	-0.06534479336528688
740	-0.026029305855229105
741	-0.1159228132416787
742	-0.02845241041092932
743	-0.05052794951205213
744	-0.06208893118842199
745	0.01889920137017707
746	-0.013315363555086699
747	-0.027637215895426823
748	0.011502785528705517
749	-0.022533234354220437
750	0.02819006580787144
751	0.03080245000801865
752	-0.011917616713783809
753	-0.018554983474251902
754	0.04378843184538106
755	-0.04563996144177938
756	0.01769808623757782
757	-0.008973954057122637
758	-0.009003246322872818
759	-0.04418299391278498
760	0.004811137433866412
761	-0.013070705747991235
762	0.024874060429475903
763	-0.03867677076937854
764	-0.011955777657675805
765	-0.008514160201660065
766	-0.013718124723383749
