2	-0.06372008640570365
3	0.02433438259116087
4	0.04563542688481071
5	0.0008297863501430088
6	0.01893429068578374
7	-0.05819973624406463
8	-0.04833945263935585
9	-0.11755195079581857
10	0.016687329041243967
11	0.05081089649436524
12	0.016722034420774728
13	-0.033395714188888904
14	0.026200671888390183
15	-0.14952975700954332
16	0.05281812430837085
17	-0.1450499597192089
18	0.04461043336894808
19	0.03133776551251907
20	0.16963732797896602
21	-0.015291531161017226
22	-0.013020752424200402
23	-0.05928216548296395
24	-0.12426421308589775
25	0.014433075487305625
26	0.011804382639612854
27	-0.00033419448822561375
28	0.009225612437454747
29	0.013266935353081079
30	0.020006595775070697
31	-0.006293082528450623
32	0.0799577969753324
33	0.07914928090940856
34	-0.0666498599928118
35	-0.011822831299304027
36	-0.03434621379045219
37	-0.0647001266612569
38	-0.01757016526248434
39	-0.006013248631273313
40	0.011298177557900036
41	0.00012496590374875592
42	-0.007125583236888545
43	-0.06504801421231125
44	0.006043803863712751
45	0.0326840249857259
46	-0.019955158839634075
47	0.07710882849930711
48	-0.12361617539977218
49	0.00796126734989016
50	-0.07970979598432314
51	0.1635609082198567
52	0.06877385821979418
53	-0.07535756929701036
54	-0.04425611866296502
55	-0.018155632759747218
56	-0.1359027840810734
57	0.021463342297438237
58	0.0015306035091982421
59	0.0003840822824236933
60	0.16851164081934883
61	-0.03347881720069017
62	-0.09542861525379276
63	-0.22026065862004915
64	-0.10261914022739325
65	-0.0727141330616241
66	0.06312257944222506
67	0.11134165825388931
68	-0.1828796603164844
69	-0.25085108697947384
70	-0.136338218443104
71	0.20745795070289744
72	0.08110057711327791
73	-0.1498846642744146
74	-0.0965994378351243
75	-0.11510832648476312
76	-0.07441588342269534
77	-0.12344496432703231
78	0.05970723897044562
79	-0.09688589203521675
80	-0.1512266689926353
81	-0.06753298505387684
82	-0.05799631704889117
83	-0.06141203351783871
84	-0.03982967435061265
85	0.027155934456129727
86	-0.04562275263619976
87	-0.11817580559509351
88	0.7739093673471227
89	0.030339679821514157
90	-0.15250232013304035
91	0.02468295831317207
92	0.20919303677339093
93	0.06405829946758124
94	-0.03608352149725635
95	-0.002337955674595369
96	0.054392967667042665
97	0.1383046242866294
98	-0.11988488767833277
99	0.022147486492644
100	-0.06066207151630495
101	-0.13105346144993188
102	0.026755831747680488
103	-0.1066166159903934
104	-0.12583013308675053
105	-0.04461441717411894
106	0.0693495069670222
107	-0.10752802352787635
108	-0.1379928224507585
109	0.03610756088099875
110	-0.03907224846561986
111	-0.014077598023771799
112	0.004297945326033748
113	-0.06021257575988665
114	0.012491942032897095
115	-0.03619608593436209
116	-0.00872911846134872
117	-0.0068381434385629426
118	-0.04760318153143339
119	-0.005797981087054338
120	-0.006011480801076791
121	-0.08259772110380831
122	-0.1271843079302895
123	0.03983344420058344
124	0.06570403575841352
125	-0.060306742102566736
126	0.015789905334465414
127	0.0033820032960371143
128	-0.027238880018462346
129	0.03471420653635855
130	-0.005135417887630043
131	-0.034052907602243936
132	0.035024699067607315
133	-0.1040428794635261
134	0.06503363249528933
135	0.06244703392191695
136	0.09912051306449116
137	-0.015676621853995768
138	-0.013025458374526476
139	0.011234586177580531
140	0.045225893597743
141	-0.05114031902705497
142	-0.027844322593799993
143	0.050174434748761425
144	-0.05594492888117794
145	0.08643992430285277
146	-0.07519621118946918
147	0.003358384635329612
148	0.05711701066925325
149	-0.031119036696623373
150	0.010717113676631463
151	-0.028824461178457907
152	-0.08427367058420768
153	-0.10646895077494296
154	-0.04917673756338178
155	0.0760386448594217
156	-0.08485329357889085
157	0.011426900418108009
158	-0.04706468519952947
159	-0.4812412474397611
160	-0.143700815880824
161	-0.2298396151333642
162	0.0011622388842261004
163	0.10030122914513134
164	-0.014828430091130482
165	-0.04468525336609325
166	-0.026347172546299334
167	-0.04076703580561765
168	-0.2100993352656854
169	-0.07484650347099124
170	0.03380845985797736
171	-0.022109024421505568
172	0.02976665517432561
173	-0.14435332303499404
174	-0.029133077776485872
175	-0.03802147170944526
176	-0.05985181464730317
177	0.02285812022534217
178	0.1096095897286558
179	-0.0040656101071389564
180	0.09732170234182787
181	-0.20429651159695575
182	-0.07934925178057564
183	-0.06591482507872559
184	-0.13165436171536762
185	-0.22974497281514267
186	-0.06500487800016957
187	0.11441494650158875
188	-0.10801038204107359
189	-0.04955986005429859
190	-0.16369361758770615
191	-0.06248935948567099
192	-0.07153157906672504
193	-0.15085235555958254
194	0.017507932715200836
195	-0.08720953329841612
196	-0.0027331122546631424
197	-0.07801760564336839
198	-0.07200057507051774
199	0.03332325524449085
200	-0.025327291745906696
201	0.08818814097129733
202	-0.022588920681016405
203	-0.004198232369322049
204	0.03623552103157249
205	0.02974901333710897
206	0.027580162035036708
207	0.039133969853674684
208	0.06003001529267838
209	0.01344690204479393
210	-0.055687393747517855
211	0.13280012470503147
212	-0.11201850901330562
213	0.09378267500269924
214	0.008000332210948815
215	0.18996602233276358
216	0.1681882193734276
217	0.08948429432167451
218	-0.04803815560594848
219	-0.05414645036907546
220	0.129336638519251
221	0.05559054356674246
222	0.09581810347936914
223	-0.04802031752881954
224	-0.18999528649668576
225	-0.09045976331471633
226	-0.17136449983432733
227	-0.04333271318370235
228	-0.03318995926183963
229	-0.04001072560906941
230	-0.08368580412565473
231	-0.22174853424606422
232	-0.020367853400441296
233	-0.0013699577398468411
234	-0.25772238808292863
235	2.0916623709244155
236	0.7787349440703879
237	0.44659619813654156
238	0.531342925589213
239	0.9874140543773674
240	0.3969177849672541
241	1.6193260909865876
242	1.4036576937812089
243	1.5583684300218799
244	0.7877790206559365
245	0.9672801167302167
246	1.1907436335596164
247	1.9086236280182436
248	2.1210593174270933
249	1.656134691648713
250	-0.05054738201909523
251	2.1020844521209225
252	0.7398131829460851
253	0.6753718930113584
254	0.6292153956482273
255	1.589036731690493
256	0.44716616890635086
257	0.6592098565100158
258	1.918046759667992
259	0.778754537975835
260	0.5455603108842588
261	1.94572863893761
262	0.4096183444158521
263	0.5149175068143828
264	2.2008450838753926
265	0.7238217943510635
266	0.36772453366962093
267	0.575539664479877
268	0.034589338868889395
270	0.17016686232085002
271	0.03124302572524426
272	2.087545636350475
273	0.05816119787713612
274	0.061517250223264465
275	0.10932771465379916
276	0.2928055356016123
277	-0.013516274270012767
278	-0.01184044007058158
279	-0.07966794841915076
280	-0.09665446958659811
281	-0.113188953776201
282	-0.160319742198141
283	0.2390132967409901
284	0.18472010289486168
285	0.005091998620032814
286	-0.17177919264905092
287	0.45359984371001383
288	-0.11143562378132292
289	-0.13461668484349804
290	0.009947704953166315
291	0.04025277246982537
292	-0.06865994068934646
293	0.08185852743391263
294	-0.09548721302457171
295	0.04060755974757409
296	-0.1327237076979601
297	-0.1123129101710114
298	0.02889569730569408
299	0.03760498487940357
300	0.03721265017670885
301	-0.06333886261224647
302	-0.08559963890490159
303	0.004089546534600022
304	0.034618857364368864
305	-0.0003962701601268739
306	-0.0827262426731304
307	0.029471954839795575
308	-0.033654835512422494
309	0.06146175592936122
310	-0.07150593592912997
311	-0.04543490651666067
312	-0.11629978572793936
313	-0.036046675622030934
314	-0.014469532558796586
315	-0.010255580823682706
316	-0.04859510538358296
317	0.036498159913288884
318	-0.13370532884393915
319	0.11646492378073822
320	-0.07668334600971066
321	0.10275227495335831
322	-0.01723733940622042
323	-0.025802545197929003
324	-0.03528827493606737
325	-0.08607262409590553
326	-0.09133113039697631
327	0.13632099234121411
328	-0.0334474725556509
329	0.011908618306671073
330	-0.18784990740832103
331	-0.1425771050985978
332	-0.017790607748315652
333	-0.009241136037785098
334	0.1543617212449932
335	0.02729648045579499
336	0.07093995906448075
337	0.09451734629568849
338	0.19578211815644603
339	-0.02847523358637078
340	-0.049287099645018616
341	0.037000332074949245
342	0.045226561253971946
343	0.08162488056981339
344	0.001301689135086354
345	-0.002019429359411593
346	0.03658123620839053
347	-0.12188951326733416
348	-0.0695953478489726
349	-0.1419686150272238
350	0.06826384766334073
351	-0.1203365490001248
352	-0.0726878376217366
353	0.039073612214533156
354	0.09495598418198528
355	-0.06736850162557911
356	0.003923947500571511
357	0.0791116072577227
358	-0.08303500255671359
359	-0.018400443729099866
360	0.4440589684893814
361	0.062241833764329756
362	0.4155611906069913
363	1.3256172967838689
364	0.13836814433509861
365	2.01708915757707
366	1.4100920569923097
367	1.8444865623396143
368	1.1558295102560467
369	0.581083843723532
370	0.1494033679236266
371	0.6952321475500456
372	-0.06590381920029335
373	0.002487683138297598
374	-0.04306200608675566
375	-0.031228165521032063
376	-0.06783398615636742
377	-0.1000985838156779
378	0.020289996963728033
379	-0.21006104262026773
380	-0.07167941775713284
381	-0.06643136785623328
382	-0.053963384123686134
383	-0.05584800262401352
384	-0.14881917573961911
385	-0.1686582937238266
386	0.018656215208414293
387	-0.19913360838413321
388	-0.06004275050705107
389	0.12555486195845098
390	0.09343749332781999
391	0.10414179037519536
392	0.19270140109564998
393	-0.03705425943817011
394	0.13700302362729422
395	-0.08888332407060544
396	0.0713293183070395
397	0.032470226264336516
398	0.02048488157818557
399	0.056711624279403225
400	0.051840735995877206
401	0.057116571559470225
402	0.02629976231911535
403	0.04723487707383008
404	0.04539288185462263
405	-0.03764252158474622
406	-0.18922208830248266
407	-0.03351999750386905
408	0.09518202901327912
409	0.011632401709324447
410	0.08582759055038391
411	0.06124191095749401
412	0.009706693504955516
413	-0.0427685457477497
414	0.002151547618713121
415	-0.20625816571932232
416	-0.058132061916738545
417	-0.06654451382905666
418	-0.08582960096925413
419	-0.0970305254812241
420	-0.10244729913638463
421	0.06916788340802923
422	-0.028892021556553064
423	0.028260146813184877
424	0.11438990942745073
425	-0.007041348589399584
